[2026-10-02 12:18:05] local.ERROR: SQLSTATE[08006] [7] FATAL:  password authentication failed for user "postgres" {"exception":"[object] (PDOException(code: 7): SQLSTATE[08006] [7] FATAL:  password authentication failed for user \"postgres\" at D:/Very, Urgenly, Important/psaaccessoriesonline/vendor/laravel/framework/src/Illuminate/Database/Connectors/Connector.php:66)
[stacktrace]
#0 D:/Very, Urgenly, Important/psaaccessoriesonline/vendor/laravel/framework/src/Illuminate/Database/Connectors/Connector.php(66): PDO->__construct('pgsql:host=aws-...', 'postgres.gkhztj...', Object(SensitiveParameterValue), Array)
#1 D:/Very, Urgenly, Important/psaaccessoriesonline/vendor/laravel/framework/src/Illuminate/Database/Connectors/Connector.php(44): Illuminate/Database/Connectors/Connector->createPdoConnection('pgsql:host=aws-...', 'postgres.gkhztj...', Object(SensitiveParameterValue), Array)
#2 D:/Very, Urgenly, Important/psaaccessoriesonline/vendor/laravel/framework/src/Illuminate/Database/Connectors/PostgresConnector.php(35): Illuminate/Database/Connectors/Connector->createConnection('pgsql:host=aws-...', Array, Array)
#3 D:/Very, Urgenly, Important/psaaccessoriesonline/vendor/laravel/framework/src/Illuminate/Database/Connectors/ConnectionFactory.php(186): Illuminate/Database/Connectors/PostgresConnector->connect(Array)
#4 [internal function]: Illuminate/Database/Connectors/ConnectionFactory->Illuminate/Database/Connectors/{closure}()
#5 D:/Very, Urgenly, Important/psaaccessoriesonline/vendor/laravel/framework/src/Illuminate/Database/Connection.php(1257): call_user_func(Object(Closure))
#6 D:/Very, Urgenly, Important/psaaccessoriesonline/vendor/laravel/framework/src/Illuminate/Database/Connection.php(1742): Illuminate/Database/Connection->getPdo()
#7 D:/Very, Urgenly, Important/psaaccessoriesonline/vendor/laravel/framework/src/Illuminate/Database/Console/ShowCommand.php(51): Illuminate/Database/Connection->getServerVersion()
#8 D:/Very, Urgenly, Important/psaaccessoriesonline/vendor/laravel/framework/src/Illuminate/Container/BoundMethod.php(36): Illuminate/Database/Console/ShowCommand->handle(Object(Illuminate/Database/DatabaseManager))
#9 D:/Very, Urgenly, Important/psaaccessoriesonline/vendor/laravel/framework/src/Illuminate/Container/Util.php(43): Illuminate/Container/BoundMethod::Illuminate/Container/{closure}()
#10 D:/Very, Urgenly, Important/psaaccessoriesonline/vendor/laravel/framework/src/Illuminate/Container/BoundMethod.php(96): Illuminate/Container/Util::unwrapIfClosure(Object(Closure))
#11 D:/Very, Urgenly, Important/psaaccessoriesonline/vendor/laravel/framework/src/Illuminate/Container/BoundMethod.php(35): Illuminate/Container/BoundMethod::callBoundMethod(Object(Illuminate/Foundation/Application), Array, Object(Closure))
#12 D:/Very, Urgenly, Important/psaaccessoriesonline/vendor/laravel/framework/src/Illuminate/Container/Container.php(799): Illuminate/Container/BoundMethod::call(Object(Illuminate/Foundation/Application), Array, Array, NULL)
#13 D:/Very, Urgenly, Important/psaaccessoriesonline/vendor/laravel/framework/src/Illuminate/Console/Command.php(211): Illuminate/Container/Container->call(Array)
#14 D:/Very, Urgenly, Important/psaaccessoriesonline/vendor/symfony/console/Command/Command.php(341): Illuminate/Console/Command->execute(Object(Symfony/Component/Console/Input/ArgvInput), Object(Illuminate/Console/OutputStyle))
#15 D:/Very, Urgenly, Important/psaaccessoriesonline/vendor/laravel/framework/src/Illuminate/Console/Command.php(180): Symfony/Component/Console/Command/Command->run(Object(Symfony/Component/Console/Input/ArgvInput), Object(Illuminate/Console/OutputStyle))
#16 D:/Very, Urgenly, Important/psaaccessoriesonline/vendor/symfony/console/Application.php(1117): Illuminate/Console/Command->run(Object(Symfony/Component/Console/Input/ArgvInput), Object(Symfony/Component/Console/Output/ConsoleOutput))
#17 D:/Very, Urgenly, Important/psaaccessoriesonline/vendor/symfony/console/Application.php(356): Symfony/Component/Console/Application->doRunCommand(Object(Illuminate/Database/Console/ShowCommand), Object(Symfony/Component/Console/Input/ArgvInput), Object(Symfony/Component/Console/Output/ConsoleOutput))
#18 D:/Very, Urgenly, Important/psaaccessoriesonline/vendor/symfony/console/Application.php(195): Symfony/Component/Console/Application->doRun(Object(Symfony/Component/Console/Input/ArgvInput), Object(Symfony/Component/Console/Output/ConsoleOutput))
#19 D:/Very, Urgenly, Important/psaaccessoriesonline/vendor/laravel/framework/src/Illuminate/Foundation/Console/Kernel.php(198): Symfony/Component/Console/Application->run(Object(Symfony/Component/Console/Input/ArgvInput), Object(Symfony/Component/Console/Output/ConsoleOutput))
#20 D:/Very, Urgenly, Important/psaaccessoriesonline/vendor/laravel/framework/src/Illuminate/Foundation/Application.php(1235): Illuminate/Foundation/Console/Kernel->handle(Object(Symfony/Component/Console/Input/ArgvInput), Object(Symfony/Component/Console/Output/ConsoleOutput))
#21 D:/Very, Urgenly, Important/psaaccessoriesonline/artisan(21): Illuminate/Foundation/Application->handleCommand(Object(Symfony/Component/Console/Input/ArgvInput))
#22 {main}
"} 
[2026-10-02 13:13:04] local.ERROR: file_put_contents(D:\Very, Urgenly, Important\psaaccessoriesonline\storage\framework/sessions/ejzndf0lNDGVePWZQl4ubxF1oeTAi9PAfWTch41H): Failed to open stream: No such file or directory {"exception":"[object] (ErrorException(code: 0): file_put_contents(D:\\Very, Urgenly, Important\\psaaccessoriesonline\\storage\\framework/sessions/ejzndf0lNDGVePWZQl4ubxF1oeTAi9PAfWTch41H): Failed to open stream: No such file or directory at D:/Very, Urgenly, Important/psaaccessoriesonline/vendor/laravel/framework/src/Illuminate/Filesystem/Filesystem.php:204)
[stacktrace]
#0 D:/Very, Urgenly, Important/psaaccessoriesonline/vendor/laravel/framework/src/Illuminate/Foundation/Bootstrap/HandleExceptions.php(262): Illuminate/Foundation/Bootstrap/HandleExceptions->handleError(2, 'file_put_conten...', 'D://Very, Urgenl...', 204)
#1 [internal function]: Illuminate/Foundation/Bootstrap/HandleExceptions->Illuminate/Foundation/Bootstrap/{closure}(2, 'file_put_conten...', 'D://Very, Urgenl...', 204)
#2 D:/Very, Urgenly, Important/psaaccessoriesonline/vendor/laravel/framework/src/Illuminate/Filesystem/Filesystem.php(204): file_put_contents('D://Very, Urgenl...', 'eyJpdiI6IkJkNzI...', 2)
#3 D:/Very, Urgenly, Important/psaaccessoriesonline/vendor/laravel/framework/src/Illuminate/Session/FileSessionHandler.php(89): Illuminate/Filesystem/Filesystem->put('D://Very, Urgenl...', 'eyJpdiI6IkJkNzI...', true)
#4 D:/Very, Urgenly, Important/psaaccessoriesonline/vendor/laravel/framework/src/Illuminate/Session/Store.php(187): Illuminate/Session/FileSessionHandler->write('ejzndf0lNDGVePW...', 'eyJpdiI6IkJkNzI...')
#5 D:/Very, Urgenly, Important/psaaccessoriesonline/vendor/laravel/framework/src/Illuminate/Session/Middleware/StartSession.php(248): Illuminate/Session/Store->save()
#6 D:/Very, Urgenly, Important/psaaccessoriesonline/vendor/laravel/framework/src/Illuminate/Session/Middleware/StartSession.php(129): Illuminate/Session/Middleware/StartSession->saveSession(Object(Illuminate/Http/Request))
#7 D:/Very, Urgenly, Important/psaaccessoriesonline/vendor/laravel/framework/src/Illuminate/Session/Middleware/StartSession.php(63): Illuminate/Session/Middleware/StartSession->handleStatefulRequest(Object(Illuminate/Http/Request), Object(Illuminate/Session/EncryptedStore), Object(Closure))
#8 D:/Very, Urgenly, Important/psaaccessoriesonline/vendor/laravel/framework/src/Illuminate/Pipeline/Pipeline.php(219): Illuminate/Session/Middleware/StartSession->handle(Object(Illuminate/Http/Request), Object(Closure))
#9 D:/Very, Urgenly, Important/psaaccessoriesonline/vendor/laravel/framework/src/Illuminate/Cookie/Middleware/AddQueuedCookiesToResponse.php(36): Illuminate/Pipeline/Pipeline->Illuminate/Pipeline/{closure}(Object(Illuminate/Http/Request))
#10 D:/Very, Urgenly, Important/psaaccessoriesonline/vendor/laravel/framework/src/Illuminate/Pipeline/Pipeline.php(219): Illuminate/Cookie/Middleware/AddQueuedCookiesToResponse->handle(Object(Illuminate/Http/Request), Object(Closure))
#11 D:/Very, Urgenly, Important/psaaccessoriesonline/vendor/laravel/framework/src/Illuminate/Cookie/Middleware/EncryptCookies.php(74): Illuminate/Pipeline/Pipeline->Illuminate/Pipeline/{closure}(Object(Illuminate/Http/Request))
#12 D:/Very, Urgenly, Important/psaaccessoriesonline/vendor/laravel/framework/src/Illuminate/Pipeline/Pipeline.php(219): Illuminate/Cookie/Middleware/EncryptCookies->handle(Object(Illuminate/Http/Request), Object(Closure))
#13 D:/Very, Urgenly, Important/psaaccessoriesonline/vendor/laravel/framework/src/Illuminate/Pipeline/Pipeline.php(137): Illuminate/Pipeline/Pipeline->Illuminate/Pipeline/{closure}(Object(Illuminate/Http/Request))
#14 D:/Very, Urgenly, Important/psaaccessoriesonline/vendor/laravel/framework/src/Illuminate/Routing/Router.php(821): Illuminate/Pipeline/Pipeline->then(Object(Closure))
#15 D:/Very, Urgenly, Important/psaaccessoriesonline/vendor/laravel/framework/src/Illuminate/Routing/Router.php(800): Illuminate/Routing/Router->runRouteWithinStack(Object(Illuminate/Routing/Route), Object(Illuminate/Http/Request))
#16 D:/Very, Urgenly, Important/psaaccessoriesonline/vendor/laravel/framework/src/Illuminate/Routing/Router.php(764): Illuminate/Routing/Router->runRoute(Object(Illuminate/Http/Request), Object(Illuminate/Routing/Route))
#17 D:/Very, Urgenly, Important/psaaccessoriesonline/vendor/laravel/framework/src/Illuminate/Routing/Router.php(753): Illuminate/Routing/Router->dispatchToRoute(Object(Illuminate/Http/Request))
#18 D:/Very, Urgenly, Important/psaaccessoriesonline/vendor/laravel/framework/src/Illuminate/Foundation/Http/Kernel.php(200): Illuminate/Routing/Router->dispatch(Object(Illuminate/Http/Request))
#19 D:/Very, Urgenly, Important/psaaccessoriesonline/vendor/laravel/framework/src/Illuminate/Pipeline/Pipeline.php(180): Illuminate/Foundation/Http/Kernel->Illuminate/Foundation/Http/{closure}(Object(Illuminate/Http/Request))
#20 D:/Very, Urgenly, Important/psaaccessoriesonline/vendor/laravel/framework/src/Illuminate/Foundation/Http/Middleware/TransformsRequest.php(21): Illuminate/Pipeline/Pipeline->Illuminate/Pipeline/{closure}(Object(Illuminate/Http/Request))
#21 D:/Very, Urgenly, Important/psaaccessoriesonline/vendor/laravel/framework/src/Illuminate/Foundation/Http/Middleware/ConvertEmptyStringsToNull.php(31): Illuminate/Foundation/Http/Middleware/TransformsRequest->handle(Object(Illuminate/Http/Request), Object(Closure))
#22 D:/Very, Urgenly, Important/psaaccessoriesonline/vendor/laravel/framework/src/Illuminate/Pipeline/Pipeline.php(219): Illuminate/Foundation/Http/Middleware/ConvertEmptyStringsToNull->handle(Object(Illuminate/Http/Request), Object(Closure))
#23 D:/Very, Urgenly, Important/psaaccessoriesonline/vendor/laravel/framework/src/Illuminate/Foundation/Http/Middleware/TransformsRequest.php(21): Illuminate/Pipeline/Pipeline->Illuminate/Pipeline/{closure}(Object(Illuminate/Http/Request))
#24 D:/Very, Urgenly, Important/psaaccessoriesonline/vendor/laravel/framework/src/Illuminate/Foundation/Http/Middleware/TrimStrings.php(51): Illuminate/Foundation/Http/Middleware/TransformsRequest->handle(Object(Illuminate/Http/Request), Object(Closure))
#25 D:/Very, Urgenly, Important/psaaccessoriesonline/vendor/laravel/framework/src/Illuminate/Pipeline/Pipeline.php(219): Illuminate/Foundation/Http/Middleware/TrimStrings->handle(Object(Illuminate/Http/Request), Object(Closure))
#26 D:/Very, Urgenly, Important/psaaccessoriesonline/vendor/laravel/framework/src/Illuminate/Http/Middleware/ValidatePostSize.php(27): Illuminate/Pipeline/Pipeline->Illuminate/Pipeline/{closure}(Object(Illuminate/Http/Request))
#27 D:/Very, Urgenly, Important/psaaccessoriesonline/vendor/laravel/framework/src/Illuminate/Pipeline/Pipeline.php(219): Illuminate/Http/Middleware/ValidatePostSize->handle(Object(Illuminate/Http/Request), Object(Closure))
#28 D:/Very, Urgenly, Important/psaaccessoriesonline/vendor/laravel/framework/src/Illuminate/Foundation/Http/Middleware/PreventRequestsDuringMaintenance.php(109): Illuminate/Pipeline/Pipeline->Illuminate/Pipeline/{closure}(Object(Illuminate/Http/Request))
#29 D:/Very, Urgenly, Important/psaaccessoriesonline/vendor/laravel/framework/src/Illuminate/Pipeline/Pipeline.php(219): Illuminate/Foundation/Http/Middleware/PreventRequestsDuringMaintenance->handle(Object(Illuminate/Http/Request), Object(Closure))
#30 D:/Very, Urgenly, Important/psaaccessoriesonline/vendor/laravel/framework/src/Illuminate/Http/Middleware/HandleCors.php(74): Illuminate/Pipeline/Pipeline->Illuminate/Pipeline/{closure}(Object(Illuminate/Http/Request))
#31 D:/Very, Urgenly, Important/psaaccessoriesonline/vendor/laravel/framework/src/Illuminate/Pipeline/Pipeline.php(219): Illuminate/Http/Middleware/HandleCors->handle(Object(Illuminate/Http/Request), Object(Closure))
#32 D:/Very, Urgenly, Important/psaaccessoriesonline/vendor/laravel/framework/src/Illuminate/Http/Middleware/TrustProxies.php(58): Illuminate/Pipeline/Pipeline->Illuminate/Pipeline/{closure}(Object(Illuminate/Http/Request))
#33 D:/Very, Urgenly, Important/psaaccessoriesonline/vendor/laravel/framework/src/Illuminate/Pipeline/Pipeline.php(219): Illuminate/Http/Middleware/TrustProxies->handle(Object(Illuminate/Http/Request), Object(Closure))
#34 D:/Very, Urgenly, Important/psaaccessoriesonline/vendor/laravel/framework/src/Illuminate/Foundation/Http/Middleware/InvokeDeferredCallbacks.php(22): Illuminate/Pipeline/Pipeline->Illuminate/Pipeline/{closure}(Object(Illuminate/Http/Request))
#35 D:/Very, Urgenly, Important/psaaccessoriesonline/vendor/laravel/framework/src/Illuminate/Pipeline/Pipeline.php(219): Illuminate/Foundation/Http/Middleware/InvokeDeferredCallbacks->handle(Object(Illuminate/Http/Request), Object(Closure))
#36 D:/Very, Urgenly, Important/psaaccessoriesonline/vendor/laravel/framework/src/Illuminate/Http/Middleware/ValidatePathEncoding.php(26): Illuminate/Pipeline/Pipeline->Illuminate/Pipeline/{closure}(Object(Illuminate/Http/Request))
#37 D:/Very, Urgenly, Important/psaaccessoriesonline/vendor/laravel/framework/src/Illuminate/Pipeline/Pipeline.php(219): Illuminate/Http/Middleware/ValidatePathEncoding->handle(Object(Illuminate/Http/Request), Object(Closure))
#38 D:/Very, Urgenly, Important/psaaccessoriesonline/vendor/laravel/framework/src/Illuminate/Pipeline/Pipeline.php(137): Illuminate/Pipeline/Pipeline->Illuminate/Pipeline/{closure}(Object(Illuminate/Http/Request))
#39 D:/Very, Urgenly, Important/psaaccessoriesonline/vendor/laravel/framework/src/Illuminate/Foundation/Http/Kernel.php(175): Illuminate/Pipeline/Pipeline->then(Object(Closure))
#40 D:/Very, Urgenly, Important/psaaccessoriesonline/vendor/laravel/framework/src/Illuminate/Foundation/Http/Kernel.php(144): Illuminate/Foundation/Http/Kernel->sendRequestThroughRouter(Object(Illuminate/Http/Request))
#41 D:/Very, Urgenly, Important/psaaccessoriesonline/vendor/laravel/framework/src/Illuminate/Foundation/Application.php(1220): Illuminate/Foundation/Http/Kernel->handle(Object(Illuminate/Http/Request))
#42 D:/Very, Urgenly, Important/psaaccessoriesonline/public/index.php(21): Illuminate/Foundation/Application->handleRequest(Object(Illuminate/Http/Request))
#43 D:/Very, Urgenly, Important/psaaccessoriesonline/vendor/laravel/framework/src/Illuminate/Foundation/resources/server.php(23): require_once('D://Very, Urgenl...')
#44 {main}
"} 
[2026-10-02 13:13:05] local.ERROR: file_put_contents(D:\Very, Urgenly, Important\psaaccessoriesonline\storage\framework/sessions/UN61PFF4dI5ByGkxcwtzcIuiP8ceVRU9V5QBlMlI): Failed to open stream: No such file or directory {"exception":"[object] (ErrorException(code: 0): file_put_contents(D:\\Very, Urgenly, Important\\psaaccessoriesonline\\storage\\framework/sessions/UN61PFF4dI5ByGkxcwtzcIuiP8ceVRU9V5QBlMlI): Failed to open stream: No such file or directory at D:/Very, Urgenly, Important/psaaccessoriesonline/vendor/laravel/framework/src/Illuminate/Filesystem/Filesystem.php:204)
[stacktrace]
#0 D:/Very, Urgenly, Important/psaaccessoriesonline/vendor/laravel/framework/src/Illuminate/Foundation/Bootstrap/HandleExceptions.php(262): Illuminate/Foundation/Bootstrap/HandleExceptions->handleError(2, 'file_put_conten...', 'D://Very, Urgenl...', 204)
#1 [internal function]: Illuminate/Foundation/Bootstrap/HandleExceptions->Illuminate/Foundation/Bootstrap/{closure}(2, 'file_put_conten...', 'D://Very, Urgenl...', 204)
#2 D:/Very, Urgenly, Important/psaaccessoriesonline/vendor/laravel/framework/src/Illuminate/Filesystem/Filesystem.php(204): file_put_contents('D://Very, Urgenl...', 'eyJpdiI6IjZFdnB...', 2)
#3 D:/Very, Urgenly, Important/psaaccessoriesonline/vendor/laravel/framework/src/Illuminate/Session/FileSessionHandler.php(89): Illuminate/Filesystem/Filesystem->put('D://Very, Urgenl...', 'eyJpdiI6IjZFdnB...', true)
#4 D:/Very, Urgenly, Important/psaaccessoriesonline/vendor/laravel/framework/src/Illuminate/Session/Store.php(187): Illuminate/Session/FileSessionHandler->write('UN61PFF4dI5ByGk...', 'eyJpdiI6IjZFdnB...')
#5 D:/Very, Urgenly, Important/psaaccessoriesonline/vendor/laravel/framework/src/Illuminate/Session/Middleware/StartSession.php(248): Illuminate/Session/Store->save()
#6 D:/Very, Urgenly, Important/psaaccessoriesonline/vendor/laravel/framework/src/Illuminate/Session/Middleware/StartSession.php(129): Illuminate/Session/Middleware/StartSession->saveSession(Object(Illuminate/Http/Request))
#7 D:/Very, Urgenly, Important/psaaccessoriesonline/vendor/laravel/framework/src/Illuminate/Session/Middleware/StartSession.php(63): Illuminate/Session/Middleware/StartSession->handleStatefulRequest(Object(Illuminate/Http/Request), Object(Illuminate/Session/EncryptedStore), Object(Closure))
#8 D:/Very, Urgenly, Important/psaaccessoriesonline/vendor/laravel/framework/src/Illuminate/Pipeline/Pipeline.php(219): Illuminate/Session/Middleware/StartSession->handle(Object(Illuminate/Http/Request), Object(Closure))
#9 D:/Very, Urgenly, Important/psaaccessoriesonline/vendor/laravel/framework/src/Illuminate/Cookie/Middleware/AddQueuedCookiesToResponse.php(36): Illuminate/Pipeline/Pipeline->Illuminate/Pipeline/{closure}(Object(Illuminate/Http/Request))
#10 D:/Very, Urgenly, Important/psaaccessoriesonline/vendor/laravel/framework/src/Illuminate/Pipeline/Pipeline.php(219): Illuminate/Cookie/Middleware/AddQueuedCookiesToResponse->handle(Object(Illuminate/Http/Request), Object(Closure))
#11 D:/Very, Urgenly, Important/psaaccessoriesonline/vendor/laravel/framework/src/Illuminate/Cookie/Middleware/EncryptCookies.php(74): Illuminate/Pipeline/Pipeline->Illuminate/Pipeline/{closure}(Object(Illuminate/Http/Request))
#12 D:/Very, Urgenly, Important/psaaccessoriesonline/vendor/laravel/framework/src/Illuminate/Pipeline/Pipeline.php(219): Illuminate/Cookie/Middleware/EncryptCookies->handle(Object(Illuminate/Http/Request), Object(Closure))
#13 D:/Very, Urgenly, Important/psaaccessoriesonline/vendor/laravel/framework/src/Illuminate/Pipeline/Pipeline.php(137): Illuminate/Pipeline/Pipeline->Illuminate/Pipeline/{closure}(Object(Illuminate/Http/Request))
#14 D:/Very, Urgenly, Important/psaaccessoriesonline/vendor/laravel/framework/src/Illuminate/Routing/Router.php(821): Illuminate/Pipeline/Pipeline->then(Object(Closure))
#15 D:/Very, Urgenly, Important/psaaccessoriesonline/vendor/laravel/framework/src/Illuminate/Routing/Router.php(800): Illuminate/Routing/Router->runRouteWithinStack(Object(Illuminate/Routing/Route), Object(Illuminate/Http/Request))
#16 D:/Very, Urgenly, Important/psaaccessoriesonline/vendor/laravel/framework/src/Illuminate/Routing/Router.php(764): Illuminate/Routing/Router->runRoute(Object(Illuminate/Http/Request), Object(Illuminate/Routing/Route))
#17 D:/Very, Urgenly, Important/psaaccessoriesonline/vendor/laravel/framework/src/Illuminate/Routing/Router.php(753): Illuminate/Routing/Router->dispatchToRoute(Object(Illuminate/Http/Request))
#18 D:/Very, Urgenly, Important/psaaccessoriesonline/vendor/laravel/framework/src/Illuminate/Foundation/Http/Kernel.php(200): Illuminate/Routing/Router->dispatch(Object(Illuminate/Http/Request))
#19 D:/Very, Urgenly, Important/psaaccessoriesonline/vendor/laravel/framework/src/Illuminate/Pipeline/Pipeline.php(180): Illuminate/Foundation/Http/Kernel->Illuminate/Foundation/Http/{closure}(Object(Illuminate/Http/Request))
#20 D:/Very, Urgenly, Important/psaaccessoriesonline/vendor/laravel/framework/src/Illuminate/Foundation/Http/Middleware/TransformsRequest.php(21): Illuminate/Pipeline/Pipeline->Illuminate/Pipeline/{closure}(Object(Illuminate/Http/Request))
#21 D:/Very, Urgenly, Important/psaaccessoriesonline/vendor/laravel/framework/src/Illuminate/Foundation/Http/Middleware/ConvertEmptyStringsToNull.php(31): Illuminate/Foundation/Http/Middleware/TransformsRequest->handle(Object(Illuminate/Http/Request), Object(Closure))
#22 D:/Very, Urgenly, Important/psaaccessoriesonline/vendor/laravel/framework/src/Illuminate/Pipeline/Pipeline.php(219): Illuminate/Foundation/Http/Middleware/ConvertEmptyStringsToNull->handle(Object(Illuminate/Http/Request), Object(Closure))
#23 D:/Very, Urgenly, Important/psaaccessoriesonline/vendor/laravel/framework/src/Illuminate/Foundation/Http/Middleware/TransformsRequest.php(21): Illuminate/Pipeline/Pipeline->Illuminate/Pipeline/{closure}(Object(Illuminate/Http/Request))
#24 D:/Very, Urgenly, Important/psaaccessoriesonline/vendor/laravel/framework/src/Illuminate/Foundation/Http/Middleware/TrimStrings.php(51): Illuminate/Foundation/Http/Middleware/TransformsRequest->handle(Object(Illuminate/Http/Request), Object(Closure))
#25 D:/Very, Urgenly, Important/psaaccessoriesonline/vendor/laravel/framework/src/Illuminate/Pipeline/Pipeline.php(219): Illuminate/Foundation/Http/Middleware/TrimStrings->handle(Object(Illuminate/Http/Request), Object(Closure))
#26 D:/Very, Urgenly, Important/psaaccessoriesonline/vendor/laravel/framework/src/Illuminate/Http/Middleware/ValidatePostSize.php(27): Illuminate/Pipeline/Pipeline->Illuminate/Pipeline/{closure}(Object(Illuminate/Http/Request))
#27 D:/Very, Urgenly, Important/psaaccessoriesonline/vendor/laravel/framework/src/Illuminate/Pipeline/Pipeline.php(219): Illuminate/Http/Middleware/ValidatePostSize->handle(Object(Illuminate/Http/Request), Object(Closure))
#28 D:/Very, Urgenly, Important/psaaccessoriesonline/vendor/laravel/framework/src/Illuminate/Foundation/Http/Middleware/PreventRequestsDuringMaintenance.php(109): Illuminate/Pipeline/Pipeline->Illuminate/Pipeline/{closure}(Object(Illuminate/Http/Request))
#29 D:/Very, Urgenly, Important/psaaccessoriesonline/vendor/laravel/framework/src/Illuminate/Pipeline/Pipeline.php(219): Illuminate/Foundation/Http/Middleware/PreventRequestsDuringMaintenance->handle(Object(Illuminate/Http/Request), Object(Closure))
#30 D:/Very, Urgenly, Important/psaaccessoriesonline/vendor/laravel/framework/src/Illuminate/Http/Middleware/HandleCors.php(74): Illuminate/Pipeline/Pipeline->Illuminate/Pipeline/{closure}(Object(Illuminate/Http/Request))
#31 D:/Very, Urgenly, Important/psaaccessoriesonline/vendor/laravel/framework/src/Illuminate/Pipeline/Pipeline.php(219): Illuminate/Http/Middleware/HandleCors->handle(Object(Illuminate/Http/Request), Object(Closure))
#32 D:/Very, Urgenly, Important/psaaccessoriesonline/vendor/laravel/framework/src/Illuminate/Http/Middleware/TrustProxies.php(58): Illuminate/Pipeline/Pipeline->Illuminate/Pipeline/{closure}(Object(Illuminate/Http/Request))
#33 D:/Very, Urgenly, Important/psaaccessoriesonline/vendor/laravel/framework/src/Illuminate/Pipeline/Pipeline.php(219): Illuminate/Http/Middleware/TrustProxies->handle(Object(Illuminate/Http/Request), Object(Closure))
#34 D:/Very, Urgenly, Important/psaaccessoriesonline/vendor/laravel/framework/src/Illuminate/Foundation/Http/Middleware/InvokeDeferredCallbacks.php(22): Illuminate/Pipeline/Pipeline->Illuminate/Pipeline/{closure}(Object(Illuminate/Http/Request))
#35 D:/Very, Urgenly, Important/psaaccessoriesonline/vendor/laravel/framework/src/Illuminate/Pipeline/Pipeline.php(219): Illuminate/Foundation/Http/Middleware/InvokeDeferredCallbacks->handle(Object(Illuminate/Http/Request), Object(Closure))
#36 D:/Very, Urgenly, Important/psaaccessoriesonline/vendor/laravel/framework/src/Illuminate/Http/Middleware/ValidatePathEncoding.php(26): Illuminate/Pipeline/Pipeline->Illuminate/Pipeline/{closure}(Object(Illuminate/Http/Request))
#37 D:/Very, Urgenly, Important/psaaccessoriesonline/vendor/laravel/framework/src/Illuminate/Pipeline/Pipeline.php(219): Illuminate/Http/Middleware/ValidatePathEncoding->handle(Object(Illuminate/Http/Request), Object(Closure))
#38 D:/Very, Urgenly, Important/psaaccessoriesonline/vendor/laravel/framework/src/Illuminate/Pipeline/Pipeline.php(137): Illuminate/Pipeline/Pipeline->Illuminate/Pipeline/{closure}(Object(Illuminate/Http/Request))
#39 D:/Very, Urgenly, Important/psaaccessoriesonline/vendor/laravel/framework/src/Illuminate/Foundation/Http/Kernel.php(175): Illuminate/Pipeline/Pipeline->then(Object(Closure))
#40 D:/Very, Urgenly, Important/psaaccessoriesonline/vendor/laravel/framework/src/Illuminate/Foundation/Http/Kernel.php(144): Illuminate/Foundation/Http/Kernel->sendRequestThroughRouter(Object(Illuminate/Http/Request))
#41 D:/Very, Urgenly, Important/psaaccessoriesonline/vendor/laravel/framework/src/Illuminate/Foundation/Application.php(1220): Illuminate/Foundation/Http/Kernel->handle(Object(Illuminate/Http/Request))
#42 D:/Very, Urgenly, Important/psaaccessoriesonline/public/index.php(21): Illuminate/Foundation/Application->handleRequest(Object(Illuminate/Http/Request))
#43 D:/Very, Urgenly, Important/psaaccessoriesonline/vendor/laravel/framework/src/Illuminate/Foundation/resources/server.php(23): require_once('D://Very, Urgenl...')
#44 {main}
"} 
[2026-10-02 13:13:07] local.ERROR: file_put_contents(D:\Very, Urgenly, Important\psaaccessoriesonline\storage\framework/sessions/XgYoByQIezvyckymb4tnAx8wA949zwaR88CEWl88): Failed to open stream: No such file or directory {"exception":"[object] (ErrorException(code: 0): file_put_contents(D:\\Very, Urgenly, Important\\psaaccessoriesonline\\storage\\framework/sessions/XgYoByQIezvyckymb4tnAx8wA949zwaR88CEWl88): Failed to open stream: No such file or directory at D:/Very, Urgenly, Important/psaaccessoriesonline/vendor/laravel/framework/src/Illuminate/Filesystem/Filesystem.php:204)
[stacktrace]
#0 D:/Very, Urgenly, Important/psaaccessoriesonline/vendor/laravel/framework/src/Illuminate/Foundation/Bootstrap/HandleExceptions.php(262): Illuminate/Foundation/Bootstrap/HandleExceptions->handleError(2, 'file_put_conten...', 'D://Very, Urgenl...', 204)
#1 [internal function]: Illuminate/Foundation/Bootstrap/HandleExceptions->Illuminate/Foundation/Bootstrap/{closure}(2, 'file_put_conten...', 'D://Very, Urgenl...', 204)
#2 D:/Very, Urgenly, Important/psaaccessoriesonline/vendor/laravel/framework/src/Illuminate/Filesystem/Filesystem.php(204): file_put_contents('D://Very, Urgenl...', 'eyJpdiI6Im5EYVB...', 2)
#3 D:/Very, Urgenly, Important/psaaccessoriesonline/vendor/laravel/framework/src/Illuminate/Session/FileSessionHandler.php(89): Illuminate/Filesystem/Filesystem->put('D://Very, Urgenl...', 'eyJpdiI6Im5EYVB...', true)
#4 D:/Very, Urgenly, Important/psaaccessoriesonline/vendor/laravel/framework/src/Illuminate/Session/Store.php(187): Illuminate/Session/FileSessionHandler->write('XgYoByQIezvycky...', 'eyJpdiI6Im5EYVB...')
#5 D:/Very, Urgenly, Important/psaaccessoriesonline/vendor/laravel/framework/src/Illuminate/Session/Middleware/StartSession.php(248): Illuminate/Session/Store->save()
#6 D:/Very, Urgenly, Important/psaaccessoriesonline/vendor/laravel/framework/src/Illuminate/Session/Middleware/StartSession.php(129): Illuminate/Session/Middleware/StartSession->saveSession(Object(Illuminate/Http/Request))
#7 D:/Very, Urgenly, Important/psaaccessoriesonline/vendor/laravel/framework/src/Illuminate/Session/Middleware/StartSession.php(63): Illuminate/Session/Middleware/StartSession->handleStatefulRequest(Object(Illuminate/Http/Request), Object(Illuminate/Session/EncryptedStore), Object(Closure))
#8 D:/Very, Urgenly, Important/psaaccessoriesonline/vendor/laravel/framework/src/Illuminate/Pipeline/Pipeline.php(219): Illuminate/Session/Middleware/StartSession->handle(Object(Illuminate/Http/Request), Object(Closure))
#9 D:/Very, Urgenly, Important/psaaccessoriesonline/vendor/laravel/framework/src/Illuminate/Cookie/Middleware/AddQueuedCookiesToResponse.php(36): Illuminate/Pipeline/Pipeline->Illuminate/Pipeline/{closure}(Object(Illuminate/Http/Request))
#10 D:/Very, Urgenly, Important/psaaccessoriesonline/vendor/laravel/framework/src/Illuminate/Pipeline/Pipeline.php(219): Illuminate/Cookie/Middleware/AddQueuedCookiesToResponse->handle(Object(Illuminate/Http/Request), Object(Closure))
#11 D:/Very, Urgenly, Important/psaaccessoriesonline/vendor/laravel/framework/src/Illuminate/Cookie/Middleware/EncryptCookies.php(74): Illuminate/Pipeline/Pipeline->Illuminate/Pipeline/{closure}(Object(Illuminate/Http/Request))
#12 D:/Very, Urgenly, Important/psaaccessoriesonline/vendor/laravel/framework/src/Illuminate/Pipeline/Pipeline.php(219): Illuminate/Cookie/Middleware/EncryptCookies->handle(Object(Illuminate/Http/Request), Object(Closure))
#13 D:/Very, Urgenly, Important/psaaccessoriesonline/vendor/laravel/framework/src/Illuminate/Pipeline/Pipeline.php(137): Illuminate/Pipeline/Pipeline->Illuminate/Pipeline/{closure}(Object(Illuminate/Http/Request))
#14 D:/Very, Urgenly, Important/psaaccessoriesonline/vendor/laravel/framework/src/Illuminate/Routing/Router.php(821): Illuminate/Pipeline/Pipeline->then(Object(Closure))
#15 D:/Very, Urgenly, Important/psaaccessoriesonline/vendor/laravel/framework/src/Illuminate/Routing/Router.php(800): Illuminate/Routing/Router->runRouteWithinStack(Object(Illuminate/Routing/Route), Object(Illuminate/Http/Request))
#16 D:/Very, Urgenly, Important/psaaccessoriesonline/vendor/laravel/framework/src/Illuminate/Routing/Router.php(764): Illuminate/Routing/Router->runRoute(Object(Illuminate/Http/Request), Object(Illuminate/Routing/Route))
#17 D:/Very, Urgenly, Important/psaaccessoriesonline/vendor/laravel/framework/src/Illuminate/Routing/Router.php(753): Illuminate/Routing/Router->dispatchToRoute(Object(Illuminate/Http/Request))
#18 D:/Very, Urgenly, Important/psaaccessoriesonline/vendor/laravel/framework/src/Illuminate/Foundation/Http/Kernel.php(200): Illuminate/Routing/Router->dispatch(Object(Illuminate/Http/Request))
#19 D:/Very, Urgenly, Important/psaaccessoriesonline/vendor/laravel/framework/src/Illuminate/Pipeline/Pipeline.php(180): Illuminate/Foundation/Http/Kernel->Illuminate/Foundation/Http/{closure}(Object(Illuminate/Http/Request))
#20 D:/Very, Urgenly, Important/psaaccessoriesonline/vendor/laravel/framework/src/Illuminate/Foundation/Http/Middleware/TransformsRequest.php(21): Illuminate/Pipeline/Pipeline->Illuminate/Pipeline/{closure}(Object(Illuminate/Http/Request))
#21 D:/Very, Urgenly, Important/psaaccessoriesonline/vendor/laravel/framework/src/Illuminate/Foundation/Http/Middleware/ConvertEmptyStringsToNull.php(31): Illuminate/Foundation/Http/Middleware/TransformsRequest->handle(Object(Illuminate/Http/Request), Object(Closure))
#22 D:/Very, Urgenly, Important/psaaccessoriesonline/vendor/laravel/framework/src/Illuminate/Pipeline/Pipeline.php(219): Illuminate/Foundation/Http/Middleware/ConvertEmptyStringsToNull->handle(Object(Illuminate/Http/Request), Object(Closure))
#23 D:/Very, Urgenly, Important/psaaccessoriesonline/vendor/laravel/framework/src/Illuminate/Foundation/Http/Middleware/TransformsRequest.php(21): Illuminate/Pipeline/Pipeline->Illuminate/Pipeline/{closure}(Object(Illuminate/Http/Request))
#24 D:/Very, Urgenly, Important/psaaccessoriesonline/vendor/laravel/framework/src/Illuminate/Foundation/Http/Middleware/TrimStrings.php(51): Illuminate/Foundation/Http/Middleware/TransformsRequest->handle(Object(Illuminate/Http/Request), Object(Closure))
#25 D:/Very, Urgenly, Important/psaaccessoriesonline/vendor/laravel/framework/src/Illuminate/Pipeline/Pipeline.php(219): Illuminate/Foundation/Http/Middleware/TrimStrings->handle(Object(Illuminate/Http/Request), Object(Closure))
#26 D:/Very, Urgenly, Important/psaaccessoriesonline/vendor/laravel/framework/src/Illuminate/Http/Middleware/ValidatePostSize.php(27): Illuminate/Pipeline/Pipeline->Illuminate/Pipeline/{closure}(Object(Illuminate/Http/Request))
#27 D:/Very, Urgenly, Important/psaaccessoriesonline/vendor/laravel/framework/src/Illuminate/Pipeline/Pipeline.php(219): Illuminate/Http/Middleware/ValidatePostSize->handle(Object(Illuminate/Http/Request), Object(Closure))
#28 D:/Very, Urgenly, Important/psaaccessoriesonline/vendor/laravel/framework/src/Illuminate/Foundation/Http/Middleware/PreventRequestsDuringMaintenance.php(109): Illuminate/Pipeline/Pipeline->Illuminate/Pipeline/{closure}(Object(Illuminate/Http/Request))
#29 D:/Very, Urgenly, Important/psaaccessoriesonline/vendor/laravel/framework/src/Illuminate/Pipeline/Pipeline.php(219): Illuminate/Foundation/Http/Middleware/PreventRequestsDuringMaintenance->handle(Object(Illuminate/Http/Request), Object(Closure))
#30 D:/Very, Urgenly, Important/psaaccessoriesonline/vendor/laravel/framework/src/Illuminate/Http/Middleware/HandleCors.php(74): Illuminate/Pipeline/Pipeline->Illuminate/Pipeline/{closure}(Object(Illuminate/Http/Request))
#31 D:/Very, Urgenly, Important/psaaccessoriesonline/vendor/laravel/framework/src/Illuminate/Pipeline/Pipeline.php(219): Illuminate/Http/Middleware/HandleCors->handle(Object(Illuminate/Http/Request), Object(Closure))
#32 D:/Very, Urgenly, Important/psaaccessoriesonline/vendor/laravel/framework/src/Illuminate/Http/Middleware/TrustProxies.php(58): Illuminate/Pipeline/Pipeline->Illuminate/Pipeline/{closure}(Object(Illuminate/Http/Request))
#33 D:/Very, Urgenly, Important/psaaccessoriesonline/vendor/laravel/framework/src/Illuminate/Pipeline/Pipeline.php(219): Illuminate/Http/Middleware/TrustProxies->handle(Object(Illuminate/Http/Request), Object(Closure))
#34 D:/Very, Urgenly, Important/psaaccessoriesonline/vendor/laravel/framework/src/Illuminate/Foundation/Http/Middleware/InvokeDeferredCallbacks.php(22): Illuminate/Pipeline/Pipeline->Illuminate/Pipeline/{closure}(Object(Illuminate/Http/Request))
#35 D:/Very, Urgenly, Important/psaaccessoriesonline/vendor/laravel/framework/src/Illuminate/Pipeline/Pipeline.php(219): Illuminate/Foundation/Http/Middleware/InvokeDeferredCallbacks->handle(Object(Illuminate/Http/Request), Object(Closure))
#36 D:/Very, Urgenly, Important/psaaccessoriesonline/vendor/laravel/framework/src/Illuminate/Http/Middleware/ValidatePathEncoding.php(26): Illuminate/Pipeline/Pipeline->Illuminate/Pipeline/{closure}(Object(Illuminate/Http/Request))
#37 D:/Very, Urgenly, Important/psaaccessoriesonline/vendor/laravel/framework/src/Illuminate/Pipeline/Pipeline.php(219): Illuminate/Http/Middleware/ValidatePathEncoding->handle(Object(Illuminate/Http/Request), Object(Closure))
#38 D:/Very, Urgenly, Important/psaaccessoriesonline/vendor/laravel/framework/src/Illuminate/Pipeline/Pipeline.php(137): Illuminate/Pipeline/Pipeline->Illuminate/Pipeline/{closure}(Object(Illuminate/Http/Request))
#39 D:/Very, Urgenly, Important/psaaccessoriesonline/vendor/laravel/framework/src/Illuminate/Foundation/Http/Kernel.php(175): Illuminate/Pipeline/Pipeline->then(Object(Closure))
#40 D:/Very, Urgenly, Important/psaaccessoriesonline/vendor/laravel/framework/src/Illuminate/Foundation/Http/Kernel.php(144): Illuminate/Foundation/Http/Kernel->sendRequestThroughRouter(Object(Illuminate/Http/Request))
#41 D:/Very, Urgenly, Important/psaaccessoriesonline/vendor/laravel/framework/src/Illuminate/Foundation/Application.php(1220): Illuminate/Foundation/Http/Kernel->handle(Object(Illuminate/Http/Request))
#42 D:/Very, Urgenly, Important/psaaccessoriesonline/public/index.php(21): Illuminate/Foundation/Application->handleRequest(Object(Illuminate/Http/Request))
#43 D:/Very, Urgenly, Important/psaaccessoriesonline/vendor/laravel/framework/src/Illuminate/Foundation/resources/server.php(23): require_once('D://Very, Urgenl...')
#44 {main}
"} 
[2026-10-02 13:13:08] local.ERROR: file_put_contents(D:\Very, Urgenly, Important\psaaccessoriesonline\storage\framework/sessions/zpjwD09k6Uv20wVc1G8jr29zvklIo5NbpWyJQmGY): Failed to open stream: No such file or directory {"exception":"[object] (ErrorException(code: 0): file_put_contents(D:\\Very, Urgenly, Important\\psaaccessoriesonline\\storage\\framework/sessions/zpjwD09k6Uv20wVc1G8jr29zvklIo5NbpWyJQmGY): Failed to open stream: No such file or directory at D:/Very, Urgenly, Important/psaaccessoriesonline/vendor/laravel/framework/src/Illuminate/Filesystem/Filesystem.php:204)
[stacktrace]
#0 D:/Very, Urgenly, Important/psaaccessoriesonline/vendor/laravel/framework/src/Illuminate/Foundation/Bootstrap/HandleExceptions.php(262): Illuminate/Foundation/Bootstrap/HandleExceptions->handleError(2, 'file_put_conten...', 'D://Very, Urgenl...', 204)
#1 [internal function]: Illuminate/Foundation/Bootstrap/HandleExceptions->Illuminate/Foundation/Bootstrap/{closure}(2, 'file_put_conten...', 'D://Very, Urgenl...', 204)
#2 D:/Very, Urgenly, Important/psaaccessoriesonline/vendor/laravel/framework/src/Illuminate/Filesystem/Filesystem.php(204): file_put_contents('D://Very, Urgenl...', 'eyJpdiI6IjJIUUN...', 2)
#3 D:/Very, Urgenly, Important/psaaccessoriesonline/vendor/laravel/framework/src/Illuminate/Session/FileSessionHandler.php(89): Illuminate/Filesystem/Filesystem->put('D://Very, Urgenl...', 'eyJpdiI6IjJIUUN...', true)
#4 D:/Very, Urgenly, Important/psaaccessoriesonline/vendor/laravel/framework/src/Illuminate/Session/Store.php(187): Illuminate/Session/FileSessionHandler->write('zpjwD09k6Uv20wV...', 'eyJpdiI6IjJIUUN...')
#5 D:/Very, Urgenly, Important/psaaccessoriesonline/vendor/laravel/framework/src/Illuminate/Session/Middleware/StartSession.php(248): Illuminate/Session/Store->save()
#6 D:/Very, Urgenly, Important/psaaccessoriesonline/vendor/laravel/framework/src/Illuminate/Session/Middleware/StartSession.php(129): Illuminate/Session/Middleware/StartSession->saveSession(Object(Illuminate/Http/Request))
#7 D:/Very, Urgenly, Important/psaaccessoriesonline/vendor/laravel/framework/src/Illuminate/Session/Middleware/StartSession.php(63): Illuminate/Session/Middleware/StartSession->handleStatefulRequest(Object(Illuminate/Http/Request), Object(Illuminate/Session/EncryptedStore), Object(Closure))
#8 D:/Very, Urgenly, Important/psaaccessoriesonline/vendor/laravel/framework/src/Illuminate/Pipeline/Pipeline.php(219): Illuminate/Session/Middleware/StartSession->handle(Object(Illuminate/Http/Request), Object(Closure))
#9 D:/Very, Urgenly, Important/psaaccessoriesonline/vendor/laravel/framework/src/Illuminate/Cookie/Middleware/AddQueuedCookiesToResponse.php(36): Illuminate/Pipeline/Pipeline->Illuminate/Pipeline/{closure}(Object(Illuminate/Http/Request))
#10 D:/Very, Urgenly, Important/psaaccessoriesonline/vendor/laravel/framework/src/Illuminate/Pipeline/Pipeline.php(219): Illuminate/Cookie/Middleware/AddQueuedCookiesToResponse->handle(Object(Illuminate/Http/Request), Object(Closure))
#11 D:/Very, Urgenly, Important/psaaccessoriesonline/vendor/laravel/framework/src/Illuminate/Cookie/Middleware/EncryptCookies.php(74): Illuminate/Pipeline/Pipeline->Illuminate/Pipeline/{closure}(Object(Illuminate/Http/Request))
#12 D:/Very, Urgenly, Important/psaaccessoriesonline/vendor/laravel/framework/src/Illuminate/Pipeline/Pipeline.php(219): Illuminate/Cookie/Middleware/EncryptCookies->handle(Object(Illuminate/Http/Request), Object(Closure))
#13 D:/Very, Urgenly, Important/psaaccessoriesonline/vendor/laravel/framework/src/Illuminate/Pipeline/Pipeline.php(137): Illuminate/Pipeline/Pipeline->Illuminate/Pipeline/{closure}(Object(Illuminate/Http/Request))
#14 D:/Very, Urgenly, Important/psaaccessoriesonline/vendor/laravel/framework/src/Illuminate/Routing/Router.php(821): Illuminate/Pipeline/Pipeline->then(Object(Closure))
#15 D:/Very, Urgenly, Important/psaaccessoriesonline/vendor/laravel/framework/src/Illuminate/Routing/Router.php(800): Illuminate/Routing/Router->runRouteWithinStack(Object(Illuminate/Routing/Route), Object(Illuminate/Http/Request))
#16 D:/Very, Urgenly, Important/psaaccessoriesonline/vendor/laravel/framework/src/Illuminate/Routing/Router.php(764): Illuminate/Routing/Router->runRoute(Object(Illuminate/Http/Request), Object(Illuminate/Routing/Route))
#17 D:/Very, Urgenly, Important/psaaccessoriesonline/vendor/laravel/framework/src/Illuminate/Routing/Router.php(753): Illuminate/Routing/Router->dispatchToRoute(Object(Illuminate/Http/Request))
#18 D:/Very, Urgenly, Important/psaaccessoriesonline/vendor/laravel/framework/src/Illuminate/Foundation/Http/Kernel.php(200): Illuminate/Routing/Router->dispatch(Object(Illuminate/Http/Request))
#19 D:/Very, Urgenly, Important/psaaccessoriesonline/vendor/laravel/framework/src/Illuminate/Pipeline/Pipeline.php(180): Illuminate/Foundation/Http/Kernel->Illuminate/Foundation/Http/{closure}(Object(Illuminate/Http/Request))
#20 D:/Very, Urgenly, Important/psaaccessoriesonline/vendor/laravel/framework/src/Illuminate/Foundation/Http/Middleware/TransformsRequest.php(21): Illuminate/Pipeline/Pipeline->Illuminate/Pipeline/{closure}(Object(Illuminate/Http/Request))
#21 D:/Very, Urgenly, Important/psaaccessoriesonline/vendor/laravel/framework/src/Illuminate/Foundation/Http/Middleware/ConvertEmptyStringsToNull.php(31): Illuminate/Foundation/Http/Middleware/TransformsRequest->handle(Object(Illuminate/Http/Request), Object(Closure))
#22 D:/Very, Urgenly, Important/psaaccessoriesonline/vendor/laravel/framework/src/Illuminate/Pipeline/Pipeline.php(219): Illuminate/Foundation/Http/Middleware/ConvertEmptyStringsToNull->handle(Object(Illuminate/Http/Request), Object(Closure))
#23 D:/Very, Urgenly, Important/psaaccessoriesonline/vendor/laravel/framework/src/Illuminate/Foundation/Http/Middleware/TransformsRequest.php(21): Illuminate/Pipeline/Pipeline->Illuminate/Pipeline/{closure}(Object(Illuminate/Http/Request))
#24 D:/Very, Urgenly, Important/psaaccessoriesonline/vendor/laravel/framework/src/Illuminate/Foundation/Http/Middleware/TrimStrings.php(51): Illuminate/Foundation/Http/Middleware/TransformsRequest->handle(Object(Illuminate/Http/Request), Object(Closure))
#25 D:/Very, Urgenly, Important/psaaccessoriesonline/vendor/laravel/framework/src/Illuminate/Pipeline/Pipeline.php(219): Illuminate/Foundation/Http/Middleware/TrimStrings->handle(Object(Illuminate/Http/Request), Object(Closure))
#26 D:/Very, Urgenly, Important/psaaccessoriesonline/vendor/laravel/framework/src/Illuminate/Http/Middleware/ValidatePostSize.php(27): Illuminate/Pipeline/Pipeline->Illuminate/Pipeline/{closure}(Object(Illuminate/Http/Request))
#27 D:/Very, Urgenly, Important/psaaccessoriesonline/vendor/laravel/framework/src/Illuminate/Pipeline/Pipeline.php(219): Illuminate/Http/Middleware/ValidatePostSize->handle(Object(Illuminate/Http/Request), Object(Closure))
#28 D:/Very, Urgenly, Important/psaaccessoriesonline/vendor/laravel/framework/src/Illuminate/Foundation/Http/Middleware/PreventRequestsDuringMaintenance.php(109): Illuminate/Pipeline/Pipeline->Illuminate/Pipeline/{closure}(Object(Illuminate/Http/Request))
#29 D:/Very, Urgenly, Important/psaaccessoriesonline/vendor/laravel/framework/src/Illuminate/Pipeline/Pipeline.php(219): Illuminate/Foundation/Http/Middleware/PreventRequestsDuringMaintenance->handle(Object(Illuminate/Http/Request), Object(Closure))
#30 D:/Very, Urgenly, Important/psaaccessoriesonline/vendor/laravel/framework/src/Illuminate/Http/Middleware/HandleCors.php(74): Illuminate/Pipeline/Pipeline->Illuminate/Pipeline/{closure}(Object(Illuminate/Http/Request))
#31 D:/Very, Urgenly, Important/psaaccessoriesonline/vendor/laravel/framework/src/Illuminate/Pipeline/Pipeline.php(219): Illuminate/Http/Middleware/HandleCors->handle(Object(Illuminate/Http/Request), Object(Closure))
#32 D:/Very, Urgenly, Important/psaaccessoriesonline/vendor/laravel/framework/src/Illuminate/Http/Middleware/TrustProxies.php(58): Illuminate/Pipeline/Pipeline->Illuminate/Pipeline/{closure}(Object(Illuminate/Http/Request))
#33 D:/Very, Urgenly, Important/psaaccessoriesonline/vendor/laravel/framework/src/Illuminate/Pipeline/Pipeline.php(219): Illuminate/Http/Middleware/TrustProxies->handle(Object(Illuminate/Http/Request), Object(Closure))
#34 D:/Very, Urgenly, Important/psaaccessoriesonline/vendor/laravel/framework/src/Illuminate/Foundation/Http/Middleware/InvokeDeferredCallbacks.php(22): Illuminate/Pipeline/Pipeline->Illuminate/Pipeline/{closure}(Object(Illuminate/Http/Request))
#35 D:/Very, Urgenly, Important/psaaccessoriesonline/vendor/laravel/framework/src/Illuminate/Pipeline/Pipeline.php(219): Illuminate/Foundation/Http/Middleware/InvokeDeferredCallbacks->handle(Object(Illuminate/Http/Request), Object(Closure))
#36 D:/Very, Urgenly, Important/psaaccessoriesonline/vendor/laravel/framework/src/Illuminate/Http/Middleware/ValidatePathEncoding.php(26): Illuminate/Pipeline/Pipeline->Illuminate/Pipeline/{closure}(Object(Illuminate/Http/Request))
#37 D:/Very, Urgenly, Important/psaaccessoriesonline/vendor/laravel/framework/src/Illuminate/Pipeline/Pipeline.php(219): Illuminate/Http/Middleware/ValidatePathEncoding->handle(Object(Illuminate/Http/Request), Object(Closure))
#38 D:/Very, Urgenly, Important/psaaccessoriesonline/vendor/laravel/framework/src/Illuminate/Pipeline/Pipeline.php(137): Illuminate/Pipeline/Pipeline->Illuminate/Pipeline/{closure}(Object(Illuminate/Http/Request))
#39 D:/Very, Urgenly, Important/psaaccessoriesonline/vendor/laravel/framework/src/Illuminate/Foundation/Http/Kernel.php(175): Illuminate/Pipeline/Pipeline->then(Object(Closure))
#40 D:/Very, Urgenly, Important/psaaccessoriesonline/vendor/laravel/framework/src/Illuminate/Foundation/Http/Kernel.php(144): Illuminate/Foundation/Http/Kernel->sendRequestThroughRouter(Object(Illuminate/Http/Request))
#41 D:/Very, Urgenly, Important/psaaccessoriesonline/vendor/laravel/framework/src/Illuminate/Foundation/Application.php(1220): Illuminate/Foundation/Http/Kernel->handle(Object(Illuminate/Http/Request))
#42 D:/Very, Urgenly, Important/psaaccessoriesonline/public/index.php(21): Illuminate/Foundation/Application->handleRequest(Object(Illuminate/Http/Request))
#43 D:/Very, Urgenly, Important/psaaccessoriesonline/vendor/laravel/framework/src/Illuminate/Foundation/resources/server.php(23): require_once('D://Very, Urgenl...')
#44 {main}
"} 
[2026-10-02 13:13:10] local.ERROR: file_put_contents(D:\Very, Urgenly, Important\psaaccessoriesonline\storage\framework/sessions/i3mZnNNGaHhZYiK9EIdu11TJE7rBjOf1qcjxLm7t): Failed to open stream: No such file or directory {"exception":"[object] (ErrorException(code: 0): file_put_contents(D:\\Very, Urgenly, Important\\psaaccessoriesonline\\storage\\framework/sessions/i3mZnNNGaHhZYiK9EIdu11TJE7rBjOf1qcjxLm7t): Failed to open stream: No such file or directory at D:/Very, Urgenly, Important/psaaccessoriesonline/vendor/laravel/framework/src/Illuminate/Filesystem/Filesystem.php:204)
[stacktrace]
#0 D:/Very, Urgenly, Important/psaaccessoriesonline/vendor/laravel/framework/src/Illuminate/Foundation/Bootstrap/HandleExceptions.php(262): Illuminate/Foundation/Bootstrap/HandleExceptions->handleError(2, 'file_put_conten...', 'D://Very, Urgenl...', 204)
#1 [internal function]: Illuminate/Foundation/Bootstrap/HandleExceptions->Illuminate/Foundation/Bootstrap/{closure}(2, 'file_put_conten...', 'D://Very, Urgenl...', 204)
#2 D:/Very, Urgenly, Important/psaaccessoriesonline/vendor/laravel/framework/src/Illuminate/Filesystem/Filesystem.php(204): file_put_contents('D://Very, Urgenl...', 'eyJpdiI6Ilpjakd...', 2)
#3 D:/Very, Urgenly, Important/psaaccessoriesonline/vendor/laravel/framework/src/Illuminate/Session/FileSessionHandler.php(89): Illuminate/Filesystem/Filesystem->put('D://Very, Urgenl...', 'eyJpdiI6Ilpjakd...', true)
#4 D:/Very, Urgenly, Important/psaaccessoriesonline/vendor/laravel/framework/src/Illuminate/Session/Store.php(187): Illuminate/Session/FileSessionHandler->write('i3mZnNNGaHhZYiK...', 'eyJpdiI6Ilpjakd...')
#5 D:/Very, Urgenly, Important/psaaccessoriesonline/vendor/laravel/framework/src/Illuminate/Session/Middleware/StartSession.php(248): Illuminate/Session/Store->save()
#6 D:/Very, Urgenly, Important/psaaccessoriesonline/vendor/laravel/framework/src/Illuminate/Session/Middleware/StartSession.php(129): Illuminate/Session/Middleware/StartSession->saveSession(Object(Illuminate/Http/Request))
#7 D:/Very, Urgenly, Important/psaaccessoriesonline/vendor/laravel/framework/src/Illuminate/Session/Middleware/StartSession.php(63): Illuminate/Session/Middleware/StartSession->handleStatefulRequest(Object(Illuminate/Http/Request), Object(Illuminate/Session/EncryptedStore), Object(Closure))
#8 D:/Very, Urgenly, Important/psaaccessoriesonline/vendor/laravel/framework/src/Illuminate/Pipeline/Pipeline.php(219): Illuminate/Session/Middleware/StartSession->handle(Object(Illuminate/Http/Request), Object(Closure))
#9 D:/Very, Urgenly, Important/psaaccessoriesonline/vendor/laravel/framework/src/Illuminate/Cookie/Middleware/AddQueuedCookiesToResponse.php(36): Illuminate/Pipeline/Pipeline->Illuminate/Pipeline/{closure}(Object(Illuminate/Http/Request))
#10 D:/Very, Urgenly, Important/psaaccessoriesonline/vendor/laravel/framework/src/Illuminate/Pipeline/Pipeline.php(219): Illuminate/Cookie/Middleware/AddQueuedCookiesToResponse->handle(Object(Illuminate/Http/Request), Object(Closure))
#11 D:/Very, Urgenly, Important/psaaccessoriesonline/vendor/laravel/framework/src/Illuminate/Cookie/Middleware/EncryptCookies.php(74): Illuminate/Pipeline/Pipeline->Illuminate/Pipeline/{closure}(Object(Illuminate/Http/Request))
#12 D:/Very, Urgenly, Important/psaaccessoriesonline/vendor/laravel/framework/src/Illuminate/Pipeline/Pipeline.php(219): Illuminate/Cookie/Middleware/EncryptCookies->handle(Object(Illuminate/Http/Request), Object(Closure))
#13 D:/Very, Urgenly, Important/psaaccessoriesonline/vendor/laravel/framework/src/Illuminate/Pipeline/Pipeline.php(137): Illuminate/Pipeline/Pipeline->Illuminate/Pipeline/{closure}(Object(Illuminate/Http/Request))
#14 D:/Very, Urgenly, Important/psaaccessoriesonline/vendor/laravel/framework/src/Illuminate/Routing/Router.php(821): Illuminate/Pipeline/Pipeline->then(Object(Closure))
#15 D:/Very, Urgenly, Important/psaaccessoriesonline/vendor/laravel/framework/src/Illuminate/Routing/Router.php(800): Illuminate/Routing/Router->runRouteWithinStack(Object(Illuminate/Routing/Route), Object(Illuminate/Http/Request))
#16 D:/Very, Urgenly, Important/psaaccessoriesonline/vendor/laravel/framework/src/Illuminate/Routing/Router.php(764): Illuminate/Routing/Router->runRoute(Object(Illuminate/Http/Request), Object(Illuminate/Routing/Route))
#17 D:/Very, Urgenly, Important/psaaccessoriesonline/vendor/laravel/framework/src/Illuminate/Routing/Router.php(753): Illuminate/Routing/Router->dispatchToRoute(Object(Illuminate/Http/Request))
#18 D:/Very, Urgenly, Important/psaaccessoriesonline/vendor/laravel/framework/src/Illuminate/Foundation/Http/Kernel.php(200): Illuminate/Routing/Router->dispatch(Object(Illuminate/Http/Request))
#19 D:/Very, Urgenly, Important/psaaccessoriesonline/vendor/laravel/framework/src/Illuminate/Pipeline/Pipeline.php(180): Illuminate/Foundation/Http/Kernel->Illuminate/Foundation/Http/{closure}(Object(Illuminate/Http/Request))
#20 D:/Very, Urgenly, Important/psaaccessoriesonline/vendor/laravel/framework/src/Illuminate/Foundation/Http/Middleware/TransformsRequest.php(21): Illuminate/Pipeline/Pipeline->Illuminate/Pipeline/{closure}(Object(Illuminate/Http/Request))
#21 D:/Very, Urgenly, Important/psaaccessoriesonline/vendor/laravel/framework/src/Illuminate/Foundation/Http/Middleware/ConvertEmptyStringsToNull.php(31): Illuminate/Foundation/Http/Middleware/TransformsRequest->handle(Object(Illuminate/Http/Request), Object(Closure))
#22 D:/Very, Urgenly, Important/psaaccessoriesonline/vendor/laravel/framework/src/Illuminate/Pipeline/Pipeline.php(219): Illuminate/Foundation/Http/Middleware/ConvertEmptyStringsToNull->handle(Object(Illuminate/Http/Request), Object(Closure))
#23 D:/Very, Urgenly, Important/psaaccessoriesonline/vendor/laravel/framework/src/Illuminate/Foundation/Http/Middleware/TransformsRequest.php(21): Illuminate/Pipeline/Pipeline->Illuminate/Pipeline/{closure}(Object(Illuminate/Http/Request))
#24 D:/Very, Urgenly, Important/psaaccessoriesonline/vendor/laravel/framework/src/Illuminate/Foundation/Http/Middleware/TrimStrings.php(51): Illuminate/Foundation/Http/Middleware/TransformsRequest->handle(Object(Illuminate/Http/Request), Object(Closure))
#25 D:/Very, Urgenly, Important/psaaccessoriesonline/vendor/laravel/framework/src/Illuminate/Pipeline/Pipeline.php(219): Illuminate/Foundation/Http/Middleware/TrimStrings->handle(Object(Illuminate/Http/Request), Object(Closure))
#26 D:/Very, Urgenly, Important/psaaccessoriesonline/vendor/laravel/framework/src/Illuminate/Http/Middleware/ValidatePostSize.php(27): Illuminate/Pipeline/Pipeline->Illuminate/Pipeline/{closure}(Object(Illuminate/Http/Request))
#27 D:/Very, Urgenly, Important/psaaccessoriesonline/vendor/laravel/framework/src/Illuminate/Pipeline/Pipeline.php(219): Illuminate/Http/Middleware/ValidatePostSize->handle(Object(Illuminate/Http/Request), Object(Closure))
#28 D:/Very, Urgenly, Important/psaaccessoriesonline/vendor/laravel/framework/src/Illuminate/Foundation/Http/Middleware/PreventRequestsDuringMaintenance.php(109): Illuminate/Pipeline/Pipeline->Illuminate/Pipeline/{closure}(Object(Illuminate/Http/Request))
#29 D:/Very, Urgenly, Important/psaaccessoriesonline/vendor/laravel/framework/src/Illuminate/Pipeline/Pipeline.php(219): Illuminate/Foundation/Http/Middleware/PreventRequestsDuringMaintenance->handle(Object(Illuminate/Http/Request), Object(Closure))
#30 D:/Very, Urgenly, Important/psaaccessoriesonline/vendor/laravel/framework/src/Illuminate/Http/Middleware/HandleCors.php(74): Illuminate/Pipeline/Pipeline->Illuminate/Pipeline/{closure}(Object(Illuminate/Http/Request))
#31 D:/Very, Urgenly, Important/psaaccessoriesonline/vendor/laravel/framework/src/Illuminate/Pipeline/Pipeline.php(219): Illuminate/Http/Middleware/HandleCors->handle(Object(Illuminate/Http/Request), Object(Closure))
#32 D:/Very, Urgenly, Important/psaaccessoriesonline/vendor/laravel/framework/src/Illuminate/Http/Middleware/TrustProxies.php(58): Illuminate/Pipeline/Pipeline->Illuminate/Pipeline/{closure}(Object(Illuminate/Http/Request))
#33 D:/Very, Urgenly, Important/psaaccessoriesonline/vendor/laravel/framework/src/Illuminate/Pipeline/Pipeline.php(219): Illuminate/Http/Middleware/TrustProxies->handle(Object(Illuminate/Http/Request), Object(Closure))
#34 D:/Very, Urgenly, Important/psaaccessoriesonline/vendor/laravel/framework/src/Illuminate/Foundation/Http/Middleware/InvokeDeferredCallbacks.php(22): Illuminate/Pipeline/Pipeline->Illuminate/Pipeline/{closure}(Object(Illuminate/Http/Request))
#35 D:/Very, Urgenly, Important/psaaccessoriesonline/vendor/laravel/framework/src/Illuminate/Pipeline/Pipeline.php(219): Illuminate/Foundation/Http/Middleware/InvokeDeferredCallbacks->handle(Object(Illuminate/Http/Request), Object(Closure))
#36 D:/Very, Urgenly, Important/psaaccessoriesonline/vendor/laravel/framework/src/Illuminate/Http/Middleware/ValidatePathEncoding.php(26): Illuminate/Pipeline/Pipeline->Illuminate/Pipeline/{closure}(Object(Illuminate/Http/Request))
#37 D:/Very, Urgenly, Important/psaaccessoriesonline/vendor/laravel/framework/src/Illuminate/Pipeline/Pipeline.php(219): Illuminate/Http/Middleware/ValidatePathEncoding->handle(Object(Illuminate/Http/Request), Object(Closure))
#38 D:/Very, Urgenly, Important/psaaccessoriesonline/vendor/laravel/framework/src/Illuminate/Pipeline/Pipeline.php(137): Illuminate/Pipeline/Pipeline->Illuminate/Pipeline/{closure}(Object(Illuminate/Http/Request))
#39 D:/Very, Urgenly, Important/psaaccessoriesonline/vendor/laravel/framework/src/Illuminate/Foundation/Http/Kernel.php(175): Illuminate/Pipeline/Pipeline->then(Object(Closure))
#40 D:/Very, Urgenly, Important/psaaccessoriesonline/vendor/laravel/framework/src/Illuminate/Foundation/Http/Kernel.php(144): Illuminate/Foundation/Http/Kernel->sendRequestThroughRouter(Object(Illuminate/Http/Request))
#41 D:/Very, Urgenly, Important/psaaccessoriesonline/vendor/laravel/framework/src/Illuminate/Foundation/Application.php(1220): Illuminate/Foundation/Http/Kernel->handle(Object(Illuminate/Http/Request))
#42 D:/Very, Urgenly, Important/psaaccessoriesonline/public/index.php(21): Illuminate/Foundation/Application->handleRequest(Object(Illuminate/Http/Request))
#43 D:/Very, Urgenly, Important/psaaccessoriesonline/vendor/laravel/framework/src/Illuminate/Foundation/resources/server.php(23): require_once('D://Very, Urgenl...')
#44 {main}
"} 
[2026-10-02 13:14:24] local.ERROR: file_put_contents(D:\Very, Urgenly, Important\psaaccessoriesonline\storage\framework/sessions/0Y6FRNvAM2Rfl9nbWgQmdMN9xYA8I2DjDKMplpzl): Failed to open stream: No such file or directory {"exception":"[object] (ErrorException(code: 0): file_put_contents(D:\\Very, Urgenly, Important\\psaaccessoriesonline\\storage\\framework/sessions/0Y6FRNvAM2Rfl9nbWgQmdMN9xYA8I2DjDKMplpzl): Failed to open stream: No such file or directory at D:/Very, Urgenly, Important/psaaccessoriesonline/vendor/laravel/framework/src/Illuminate/Filesystem/Filesystem.php:204)
[stacktrace]
#0 D:/Very, Urgenly, Important/psaaccessoriesonline/vendor/laravel/framework/src/Illuminate/Foundation/Bootstrap/HandleExceptions.php(262): Illuminate/Foundation/Bootstrap/HandleExceptions->handleError(2, 'file_put_conten...', 'D://Very, Urgenl...', 204)
#1 [internal function]: Illuminate/Foundation/Bootstrap/HandleExceptions->Illuminate/Foundation/Bootstrap/{closure}(2, 'file_put_conten...', 'D://Very, Urgenl...', 204)
#2 D:/Very, Urgenly, Important/psaaccessoriesonline/vendor/laravel/framework/src/Illuminate/Filesystem/Filesystem.php(204): file_put_contents('D://Very, Urgenl...', 'eyJpdiI6IjU0dlZ...', 2)
#3 D:/Very, Urgenly, Important/psaaccessoriesonline/vendor/laravel/framework/src/Illuminate/Session/FileSessionHandler.php(89): Illuminate/Filesystem/Filesystem->put('D://Very, Urgenl...', 'eyJpdiI6IjU0dlZ...', true)
#4 D:/Very, Urgenly, Important/psaaccessoriesonline/vendor/laravel/framework/src/Illuminate/Session/Store.php(187): Illuminate/Session/FileSessionHandler->write('0Y6FRNvAM2Rfl9n...', 'eyJpdiI6IjU0dlZ...')
#5 D:/Very, Urgenly, Important/psaaccessoriesonline/vendor/laravel/framework/src/Illuminate/Session/Middleware/StartSession.php(248): Illuminate/Session/Store->save()
#6 D:/Very, Urgenly, Important/psaaccessoriesonline/vendor/laravel/framework/src/Illuminate/Session/Middleware/StartSession.php(129): Illuminate/Session/Middleware/StartSession->saveSession(Object(Illuminate/Http/Request))
#7 D:/Very, Urgenly, Important/psaaccessoriesonline/vendor/laravel/framework/src/Illuminate/Session/Middleware/StartSession.php(63): Illuminate/Session/Middleware/StartSession->handleStatefulRequest(Object(Illuminate/Http/Request), Object(Illuminate/Session/EncryptedStore), Object(Closure))
#8 D:/Very, Urgenly, Important/psaaccessoriesonline/vendor/laravel/framework/src/Illuminate/Pipeline/Pipeline.php(219): Illuminate/Session/Middleware/StartSession->handle(Object(Illuminate/Http/Request), Object(Closure))
#9 D:/Very, Urgenly, Important/psaaccessoriesonline/vendor/laravel/framework/src/Illuminate/Cookie/Middleware/AddQueuedCookiesToResponse.php(36): Illuminate/Pipeline/Pipeline->Illuminate/Pipeline/{closure}(Object(Illuminate/Http/Request))
#10 D:/Very, Urgenly, Important/psaaccessoriesonline/vendor/laravel/framework/src/Illuminate/Pipeline/Pipeline.php(219): Illuminate/Cookie/Middleware/AddQueuedCookiesToResponse->handle(Object(Illuminate/Http/Request), Object(Closure))
#11 D:/Very, Urgenly, Important/psaaccessoriesonline/vendor/laravel/framework/src/Illuminate/Cookie/Middleware/EncryptCookies.php(74): Illuminate/Pipeline/Pipeline->Illuminate/Pipeline/{closure}(Object(Illuminate/Http/Request))
#12 D:/Very, Urgenly, Important/psaaccessoriesonline/vendor/laravel/framework/src/Illuminate/Pipeline/Pipeline.php(219): Illuminate/Cookie/Middleware/EncryptCookies->handle(Object(Illuminate/Http/Request), Object(Closure))
#13 D:/Very, Urgenly, Important/psaaccessoriesonline/vendor/laravel/framework/src/Illuminate/Pipeline/Pipeline.php(137): Illuminate/Pipeline/Pipeline->Illuminate/Pipeline/{closure}(Object(Illuminate/Http/Request))
#14 D:/Very, Urgenly, Important/psaaccessoriesonline/vendor/laravel/framework/src/Illuminate/Routing/Router.php(821): Illuminate/Pipeline/Pipeline->then(Object(Closure))
#15 D:/Very, Urgenly, Important/psaaccessoriesonline/vendor/laravel/framework/src/Illuminate/Routing/Router.php(800): Illuminate/Routing/Router->runRouteWithinStack(Object(Illuminate/Routing/Route), Object(Illuminate/Http/Request))
#16 D:/Very, Urgenly, Important/psaaccessoriesonline/vendor/laravel/framework/src/Illuminate/Routing/Router.php(764): Illuminate/Routing/Router->runRoute(Object(Illuminate/Http/Request), Object(Illuminate/Routing/Route))
#17 D:/Very, Urgenly, Important/psaaccessoriesonline/vendor/laravel/framework/src/Illuminate/Routing/Router.php(753): Illuminate/Routing/Router->dispatchToRoute(Object(Illuminate/Http/Request))
#18 D:/Very, Urgenly, Important/psaaccessoriesonline/vendor/laravel/framework/src/Illuminate/Foundation/Http/Kernel.php(200): Illuminate/Routing/Router->dispatch(Object(Illuminate/Http/Request))
#19 D:/Very, Urgenly, Important/psaaccessoriesonline/vendor/laravel/framework/src/Illuminate/Pipeline/Pipeline.php(180): Illuminate/Foundation/Http/Kernel->Illuminate/Foundation/Http/{closure}(Object(Illuminate/Http/Request))
#20 D:/Very, Urgenly, Important/psaaccessoriesonline/vendor/laravel/framework/src/Illuminate/Foundation/Http/Middleware/TransformsRequest.php(21): Illuminate/Pipeline/Pipeline->Illuminate/Pipeline/{closure}(Object(Illuminate/Http/Request))
#21 D:/Very, Urgenly, Important/psaaccessoriesonline/vendor/laravel/framework/src/Illuminate/Foundation/Http/Middleware/ConvertEmptyStringsToNull.php(31): Illuminate/Foundation/Http/Middleware/TransformsRequest->handle(Object(Illuminate/Http/Request), Object(Closure))
#22 D:/Very, Urgenly, Important/psaaccessoriesonline/vendor/laravel/framework/src/Illuminate/Pipeline/Pipeline.php(219): Illuminate/Foundation/Http/Middleware/ConvertEmptyStringsToNull->handle(Object(Illuminate/Http/Request), Object(Closure))
#23 D:/Very, Urgenly, Important/psaaccessoriesonline/vendor/laravel/framework/src/Illuminate/Foundation/Http/Middleware/TransformsRequest.php(21): Illuminate/Pipeline/Pipeline->Illuminate/Pipeline/{closure}(Object(Illuminate/Http/Request))
#24 D:/Very, Urgenly, Important/psaaccessoriesonline/vendor/laravel/framework/src/Illuminate/Foundation/Http/Middleware/TrimStrings.php(51): Illuminate/Foundation/Http/Middleware/TransformsRequest->handle(Object(Illuminate/Http/Request), Object(Closure))
#25 D:/Very, Urgenly, Important/psaaccessoriesonline/vendor/laravel/framework/src/Illuminate/Pipeline/Pipeline.php(219): Illuminate/Foundation/Http/Middleware/TrimStrings->handle(Object(Illuminate/Http/Request), Object(Closure))
#26 D:/Very, Urgenly, Important/psaaccessoriesonline/vendor/laravel/framework/src/Illuminate/Http/Middleware/ValidatePostSize.php(27): Illuminate/Pipeline/Pipeline->Illuminate/Pipeline/{closure}(Object(Illuminate/Http/Request))
#27 D:/Very, Urgenly, Important/psaaccessoriesonline/vendor/laravel/framework/src/Illuminate/Pipeline/Pipeline.php(219): Illuminate/Http/Middleware/ValidatePostSize->handle(Object(Illuminate/Http/Request), Object(Closure))
#28 D:/Very, Urgenly, Important/psaaccessoriesonline/vendor/laravel/framework/src/Illuminate/Foundation/Http/Middleware/PreventRequestsDuringMaintenance.php(109): Illuminate/Pipeline/Pipeline->Illuminate/Pipeline/{closure}(Object(Illuminate/Http/Request))
#29 D:/Very, Urgenly, Important/psaaccessoriesonline/vendor/laravel/framework/src/Illuminate/Pipeline/Pipeline.php(219): Illuminate/Foundation/Http/Middleware/PreventRequestsDuringMaintenance->handle(Object(Illuminate/Http/Request), Object(Closure))
#30 D:/Very, Urgenly, Important/psaaccessoriesonline/vendor/laravel/framework/src/Illuminate/Http/Middleware/HandleCors.php(74): Illuminate/Pipeline/Pipeline->Illuminate/Pipeline/{closure}(Object(Illuminate/Http/Request))
#31 D:/Very, Urgenly, Important/psaaccessoriesonline/vendor/laravel/framework/src/Illuminate/Pipeline/Pipeline.php(219): Illuminate/Http/Middleware/HandleCors->handle(Object(Illuminate/Http/Request), Object(Closure))
#32 D:/Very, Urgenly, Important/psaaccessoriesonline/vendor/laravel/framework/src/Illuminate/Http/Middleware/TrustProxies.php(58): Illuminate/Pipeline/Pipeline->Illuminate/Pipeline/{closure}(Object(Illuminate/Http/Request))
#33 D:/Very, Urgenly, Important/psaaccessoriesonline/vendor/laravel/framework/src/Illuminate/Pipeline/Pipeline.php(219): Illuminate/Http/Middleware/TrustProxies->handle(Object(Illuminate/Http/Request), Object(Closure))
#34 D:/Very, Urgenly, Important/psaaccessoriesonline/vendor/laravel/framework/src/Illuminate/Foundation/Http/Middleware/InvokeDeferredCallbacks.php(22): Illuminate/Pipeline/Pipeline->Illuminate/Pipeline/{closure}(Object(Illuminate/Http/Request))
#35 D:/Very, Urgenly, Important/psaaccessoriesonline/vendor/laravel/framework/src/Illuminate/Pipeline/Pipeline.php(219): Illuminate/Foundation/Http/Middleware/InvokeDeferredCallbacks->handle(Object(Illuminate/Http/Request), Object(Closure))
#36 D:/Very, Urgenly, Important/psaaccessoriesonline/vendor/laravel/framework/src/Illuminate/Http/Middleware/ValidatePathEncoding.php(26): Illuminate/Pipeline/Pipeline->Illuminate/Pipeline/{closure}(Object(Illuminate/Http/Request))
#37 D:/Very, Urgenly, Important/psaaccessoriesonline/vendor/laravel/framework/src/Illuminate/Pipeline/Pipeline.php(219): Illuminate/Http/Middleware/ValidatePathEncoding->handle(Object(Illuminate/Http/Request), Object(Closure))
#38 D:/Very, Urgenly, Important/psaaccessoriesonline/vendor/laravel/framework/src/Illuminate/Pipeline/Pipeline.php(137): Illuminate/Pipeline/Pipeline->Illuminate/Pipeline/{closure}(Object(Illuminate/Http/Request))
#39 D:/Very, Urgenly, Important/psaaccessoriesonline/vendor/laravel/framework/src/Illuminate/Foundation/Http/Kernel.php(175): Illuminate/Pipeline/Pipeline->then(Object(Closure))
#40 D:/Very, Urgenly, Important/psaaccessoriesonline/vendor/laravel/framework/src/Illuminate/Foundation/Http/Kernel.php(144): Illuminate/Foundation/Http/Kernel->sendRequestThroughRouter(Object(Illuminate/Http/Request))
#41 D:/Very, Urgenly, Important/psaaccessoriesonline/vendor/laravel/framework/src/Illuminate/Foundation/Application.php(1220): Illuminate/Foundation/Http/Kernel->handle(Object(Illuminate/Http/Request))
#42 D:/Very, Urgenly, Important/psaaccessoriesonline/public/index.php(21): Illuminate/Foundation/Application->handleRequest(Object(Illuminate/Http/Request))
#43 D:/Very, Urgenly, Important/psaaccessoriesonline/vendor/laravel/framework/src/Illuminate/Foundation/resources/server.php(23): require_once('D://Very, Urgenl...')
#44 {main}
"} 
[2026-10-02 13:14:25] local.ERROR: file_put_contents(D:\Very, Urgenly, Important\psaaccessoriesonline\storage\framework/sessions/xijGW4LNGIElfd6MWB7N7PApPohzc8tZ4IExQXLu): Failed to open stream: No such file or directory {"exception":"[object] (ErrorException(code: 0): file_put_contents(D:\\Very, Urgenly, Important\\psaaccessoriesonline\\storage\\framework/sessions/xijGW4LNGIElfd6MWB7N7PApPohzc8tZ4IExQXLu): Failed to open stream: No such file or directory at D:/Very, Urgenly, Important/psaaccessoriesonline/vendor/laravel/framework/src/Illuminate/Filesystem/Filesystem.php:204)
[stacktrace]
#0 D:/Very, Urgenly, Important/psaaccessoriesonline/vendor/laravel/framework/src/Illuminate/Foundation/Bootstrap/HandleExceptions.php(262): Illuminate/Foundation/Bootstrap/HandleExceptions->handleError(2, 'file_put_conten...', 'D://Very, Urgenl...', 204)
#1 [internal function]: Illuminate/Foundation/Bootstrap/HandleExceptions->Illuminate/Foundation/Bootstrap/{closure}(2, 'file_put_conten...', 'D://Very, Urgenl...', 204)
#2 D:/Very, Urgenly, Important/psaaccessoriesonline/vendor/laravel/framework/src/Illuminate/Filesystem/Filesystem.php(204): file_put_contents('D://Very, Urgenl...', 'eyJpdiI6ImlHWlZ...', 2)
#3 D:/Very, Urgenly, Important/psaaccessoriesonline/vendor/laravel/framework/src/Illuminate/Session/FileSessionHandler.php(89): Illuminate/Filesystem/Filesystem->put('D://Very, Urgenl...', 'eyJpdiI6ImlHWlZ...', true)
#4 D:/Very, Urgenly, Important/psaaccessoriesonline/vendor/laravel/framework/src/Illuminate/Session/Store.php(187): Illuminate/Session/FileSessionHandler->write('xijGW4LNGIElfd6...', 'eyJpdiI6ImlHWlZ...')
#5 D:/Very, Urgenly, Important/psaaccessoriesonline/vendor/laravel/framework/src/Illuminate/Session/Middleware/StartSession.php(248): Illuminate/Session/Store->save()
#6 D:/Very, Urgenly, Important/psaaccessoriesonline/vendor/laravel/framework/src/Illuminate/Session/Middleware/StartSession.php(129): Illuminate/Session/Middleware/StartSession->saveSession(Object(Illuminate/Http/Request))
#7 D:/Very, Urgenly, Important/psaaccessoriesonline/vendor/laravel/framework/src/Illuminate/Session/Middleware/StartSession.php(63): Illuminate/Session/Middleware/StartSession->handleStatefulRequest(Object(Illuminate/Http/Request), Object(Illuminate/Session/EncryptedStore), Object(Closure))
#8 D:/Very, Urgenly, Important/psaaccessoriesonline/vendor/laravel/framework/src/Illuminate/Pipeline/Pipeline.php(219): Illuminate/Session/Middleware/StartSession->handle(Object(Illuminate/Http/Request), Object(Closure))
#9 D:/Very, Urgenly, Important/psaaccessoriesonline/vendor/laravel/framework/src/Illuminate/Cookie/Middleware/AddQueuedCookiesToResponse.php(36): Illuminate/Pipeline/Pipeline->Illuminate/Pipeline/{closure}(Object(Illuminate/Http/Request))
#10 D:/Very, Urgenly, Important/psaaccessoriesonline/vendor/laravel/framework/src/Illuminate/Pipeline/Pipeline.php(219): Illuminate/Cookie/Middleware/AddQueuedCookiesToResponse->handle(Object(Illuminate/Http/Request), Object(Closure))
#11 D:/Very, Urgenly, Important/psaaccessoriesonline/vendor/laravel/framework/src/Illuminate/Cookie/Middleware/EncryptCookies.php(74): Illuminate/Pipeline/Pipeline->Illuminate/Pipeline/{closure}(Object(Illuminate/Http/Request))
#12 D:/Very, Urgenly, Important/psaaccessoriesonline/vendor/laravel/framework/src/Illuminate/Pipeline/Pipeline.php(219): Illuminate/Cookie/Middleware/EncryptCookies->handle(Object(Illuminate/Http/Request), Object(Closure))
#13 D:/Very, Urgenly, Important/psaaccessoriesonline/vendor/laravel/framework/src/Illuminate/Pipeline/Pipeline.php(137): Illuminate/Pipeline/Pipeline->Illuminate/Pipeline/{closure}(Object(Illuminate/Http/Request))
#14 D:/Very, Urgenly, Important/psaaccessoriesonline/vendor/laravel/framework/src/Illuminate/Routing/Router.php(821): Illuminate/Pipeline/Pipeline->then(Object(Closure))
#15 D:/Very, Urgenly, Important/psaaccessoriesonline/vendor/laravel/framework/src/Illuminate/Routing/Router.php(800): Illuminate/Routing/Router->runRouteWithinStack(Object(Illuminate/Routing/Route), Object(Illuminate/Http/Request))
#16 D:/Very, Urgenly, Important/psaaccessoriesonline/vendor/laravel/framework/src/Illuminate/Routing/Router.php(764): Illuminate/Routing/Router->runRoute(Object(Illuminate/Http/Request), Object(Illuminate/Routing/Route))
#17 D:/Very, Urgenly, Important/psaaccessoriesonline/vendor/laravel/framework/src/Illuminate/Routing/Router.php(753): Illuminate/Routing/Router->dispatchToRoute(Object(Illuminate/Http/Request))
#18 D:/Very, Urgenly, Important/psaaccessoriesonline/vendor/laravel/framework/src/Illuminate/Foundation/Http/Kernel.php(200): Illuminate/Routing/Router->dispatch(Object(Illuminate/Http/Request))
#19 D:/Very, Urgenly, Important/psaaccessoriesonline/vendor/laravel/framework/src/Illuminate/Pipeline/Pipeline.php(180): Illuminate/Foundation/Http/Kernel->Illuminate/Foundation/Http/{closure}(Object(Illuminate/Http/Request))
#20 D:/Very, Urgenly, Important/psaaccessoriesonline/vendor/laravel/framework/src/Illuminate/Foundation/Http/Middleware/TransformsRequest.php(21): Illuminate/Pipeline/Pipeline->Illuminate/Pipeline/{closure}(Object(Illuminate/Http/Request))
#21 D:/Very, Urgenly, Important/psaaccessoriesonline/vendor/laravel/framework/src/Illuminate/Foundation/Http/Middleware/ConvertEmptyStringsToNull.php(31): Illuminate/Foundation/Http/Middleware/TransformsRequest->handle(Object(Illuminate/Http/Request), Object(Closure))
#22 D:/Very, Urgenly, Important/psaaccessoriesonline/vendor/laravel/framework/src/Illuminate/Pipeline/Pipeline.php(219): Illuminate/Foundation/Http/Middleware/ConvertEmptyStringsToNull->handle(Object(Illuminate/Http/Request), Object(Closure))
#23 D:/Very, Urgenly, Important/psaaccessoriesonline/vendor/laravel/framework/src/Illuminate/Foundation/Http/Middleware/TransformsRequest.php(21): Illuminate/Pipeline/Pipeline->Illuminate/Pipeline/{closure}(Object(Illuminate/Http/Request))
#24 D:/Very, Urgenly, Important/psaaccessoriesonline/vendor/laravel/framework/src/Illuminate/Foundation/Http/Middleware/TrimStrings.php(51): Illuminate/Foundation/Http/Middleware/TransformsRequest->handle(Object(Illuminate/Http/Request), Object(Closure))
#25 D:/Very, Urgenly, Important/psaaccessoriesonline/vendor/laravel/framework/src/Illuminate/Pipeline/Pipeline.php(219): Illuminate/Foundation/Http/Middleware/TrimStrings->handle(Object(Illuminate/Http/Request), Object(Closure))
#26 D:/Very, Urgenly, Important/psaaccessoriesonline/vendor/laravel/framework/src/Illuminate/Http/Middleware/ValidatePostSize.php(27): Illuminate/Pipeline/Pipeline->Illuminate/Pipeline/{closure}(Object(Illuminate/Http/Request))
#27 D:/Very, Urgenly, Important/psaaccessoriesonline/vendor/laravel/framework/src/Illuminate/Pipeline/Pipeline.php(219): Illuminate/Http/Middleware/ValidatePostSize->handle(Object(Illuminate/Http/Request), Object(Closure))
#28 D:/Very, Urgenly, Important/psaaccessoriesonline/vendor/laravel/framework/src/Illuminate/Foundation/Http/Middleware/PreventRequestsDuringMaintenance.php(109): Illuminate/Pipeline/Pipeline->Illuminate/Pipeline/{closure}(Object(Illuminate/Http/Request))
#29 D:/Very, Urgenly, Important/psaaccessoriesonline/vendor/laravel/framework/src/Illuminate/Pipeline/Pipeline.php(219): Illuminate/Foundation/Http/Middleware/PreventRequestsDuringMaintenance->handle(Object(Illuminate/Http/Request), Object(Closure))
#30 D:/Very, Urgenly, Important/psaaccessoriesonline/vendor/laravel/framework/src/Illuminate/Http/Middleware/HandleCors.php(74): Illuminate/Pipeline/Pipeline->Illuminate/Pipeline/{closure}(Object(Illuminate/Http/Request))
#31 D:/Very, Urgenly, Important/psaaccessoriesonline/vendor/laravel/framework/src/Illuminate/Pipeline/Pipeline.php(219): Illuminate/Http/Middleware/HandleCors->handle(Object(Illuminate/Http/Request), Object(Closure))
#32 D:/Very, Urgenly, Important/psaaccessoriesonline/vendor/laravel/framework/src/Illuminate/Http/Middleware/TrustProxies.php(58): Illuminate/Pipeline/Pipeline->Illuminate/Pipeline/{closure}(Object(Illuminate/Http/Request))
#33 D:/Very, Urgenly, Important/psaaccessoriesonline/vendor/laravel/framework/src/Illuminate/Pipeline/Pipeline.php(219): Illuminate/Http/Middleware/TrustProxies->handle(Object(Illuminate/Http/Request), Object(Closure))
#34 D:/Very, Urgenly, Important/psaaccessoriesonline/vendor/laravel/framework/src/Illuminate/Foundation/Http/Middleware/InvokeDeferredCallbacks.php(22): Illuminate/Pipeline/Pipeline->Illuminate/Pipeline/{closure}(Object(Illuminate/Http/Request))
#35 D:/Very, Urgenly, Important/psaaccessoriesonline/vendor/laravel/framework/src/Illuminate/Pipeline/Pipeline.php(219): Illuminate/Foundation/Http/Middleware/InvokeDeferredCallbacks->handle(Object(Illuminate/Http/Request), Object(Closure))
#36 D:/Very, Urgenly, Important/psaaccessoriesonline/vendor/laravel/framework/src/Illuminate/Http/Middleware/ValidatePathEncoding.php(26): Illuminate/Pipeline/Pipeline->Illuminate/Pipeline/{closure}(Object(Illuminate/Http/Request))
#37 D:/Very, Urgenly, Important/psaaccessoriesonline/vendor/laravel/framework/src/Illuminate/Pipeline/Pipeline.php(219): Illuminate/Http/Middleware/ValidatePathEncoding->handle(Object(Illuminate/Http/Request), Object(Closure))
#38 D:/Very, Urgenly, Important/psaaccessoriesonline/vendor/laravel/framework/src/Illuminate/Pipeline/Pipeline.php(137): Illuminate/Pipeline/Pipeline->Illuminate/Pipeline/{closure}(Object(Illuminate/Http/Request))
#39 D:/Very, Urgenly, Important/psaaccessoriesonline/vendor/laravel/framework/src/Illuminate/Foundation/Http/Kernel.php(175): Illuminate/Pipeline/Pipeline->then(Object(Closure))
#40 D:/Very, Urgenly, Important/psaaccessoriesonline/vendor/laravel/framework/src/Illuminate/Foundation/Http/Kernel.php(144): Illuminate/Foundation/Http/Kernel->sendRequestThroughRouter(Object(Illuminate/Http/Request))
#41 D:/Very, Urgenly, Important/psaaccessoriesonline/vendor/laravel/framework/src/Illuminate/Foundation/Application.php(1220): Illuminate/Foundation/Http/Kernel->handle(Object(Illuminate/Http/Request))
#42 D:/Very, Urgenly, Important/psaaccessoriesonline/public/index.php(21): Illuminate/Foundation/Application->handleRequest(Object(Illuminate/Http/Request))
#43 D:/Very, Urgenly, Important/psaaccessoriesonline/vendor/laravel/framework/src/Illuminate/Foundation/resources/server.php(23): require_once('D://Very, Urgenl...')
#44 {main}
"} 
[2026-10-02 13:14:25] local.ERROR: file_put_contents(D:\Very, Urgenly, Important\psaaccessoriesonline\storage\framework/sessions/hDQdQ4iWKoLkF6K6r4lfy5Yhf2TCpQbcsnlIwhgP): Failed to open stream: No such file or directory {"exception":"[object] (ErrorException(code: 0): file_put_contents(D:\\Very, Urgenly, Important\\psaaccessoriesonline\\storage\\framework/sessions/hDQdQ4iWKoLkF6K6r4lfy5Yhf2TCpQbcsnlIwhgP): Failed to open stream: No such file or directory at D:/Very, Urgenly, Important/psaaccessoriesonline/vendor/laravel/framework/src/Illuminate/Filesystem/Filesystem.php:204)
[stacktrace]
#0 D:/Very, Urgenly, Important/psaaccessoriesonline/vendor/laravel/framework/src/Illuminate/Foundation/Bootstrap/HandleExceptions.php(262): Illuminate/Foundation/Bootstrap/HandleExceptions->handleError(2, 'file_put_conten...', 'D://Very, Urgenl...', 204)
#1 [internal function]: Illuminate/Foundation/Bootstrap/HandleExceptions->Illuminate/Foundation/Bootstrap/{closure}(2, 'file_put_conten...', 'D://Very, Urgenl...', 204)
#2 D:/Very, Urgenly, Important/psaaccessoriesonline/vendor/laravel/framework/src/Illuminate/Filesystem/Filesystem.php(204): file_put_contents('D://Very, Urgenl...', 'eyJpdiI6IjY4czh...', 2)
#3 D:/Very, Urgenly, Important/psaaccessoriesonline/vendor/laravel/framework/src/Illuminate/Session/FileSessionHandler.php(89): Illuminate/Filesystem/Filesystem->put('D://Very, Urgenl...', 'eyJpdiI6IjY4czh...', true)
#4 D:/Very, Urgenly, Important/psaaccessoriesonline/vendor/laravel/framework/src/Illuminate/Session/Store.php(187): Illuminate/Session/FileSessionHandler->write('hDQdQ4iWKoLkF6K...', 'eyJpdiI6IjY4czh...')
#5 D:/Very, Urgenly, Important/psaaccessoriesonline/vendor/laravel/framework/src/Illuminate/Session/Middleware/StartSession.php(248): Illuminate/Session/Store->save()
#6 D:/Very, Urgenly, Important/psaaccessoriesonline/vendor/laravel/framework/src/Illuminate/Session/Middleware/StartSession.php(129): Illuminate/Session/Middleware/StartSession->saveSession(Object(Illuminate/Http/Request))
#7 D:/Very, Urgenly, Important/psaaccessoriesonline/vendor/laravel/framework/src/Illuminate/Session/Middleware/StartSession.php(63): Illuminate/Session/Middleware/StartSession->handleStatefulRequest(Object(Illuminate/Http/Request), Object(Illuminate/Session/EncryptedStore), Object(Closure))
#8 D:/Very, Urgenly, Important/psaaccessoriesonline/vendor/laravel/framework/src/Illuminate/Pipeline/Pipeline.php(219): Illuminate/Session/Middleware/StartSession->handle(Object(Illuminate/Http/Request), Object(Closure))
#9 D:/Very, Urgenly, Important/psaaccessoriesonline/vendor/laravel/framework/src/Illuminate/Cookie/Middleware/AddQueuedCookiesToResponse.php(36): Illuminate/Pipeline/Pipeline->Illuminate/Pipeline/{closure}(Object(Illuminate/Http/Request))
#10 D:/Very, Urgenly, Important/psaaccessoriesonline/vendor/laravel/framework/src/Illuminate/Pipeline/Pipeline.php(219): Illuminate/Cookie/Middleware/AddQueuedCookiesToResponse->handle(Object(Illuminate/Http/Request), Object(Closure))
#11 D:/Very, Urgenly, Important/psaaccessoriesonline/vendor/laravel/framework/src/Illuminate/Cookie/Middleware/EncryptCookies.php(74): Illuminate/Pipeline/Pipeline->Illuminate/Pipeline/{closure}(Object(Illuminate/Http/Request))
#12 D:/Very, Urgenly, Important/psaaccessoriesonline/vendor/laravel/framework/src/Illuminate/Pipeline/Pipeline.php(219): Illuminate/Cookie/Middleware/EncryptCookies->handle(Object(Illuminate/Http/Request), Object(Closure))
#13 D:/Very, Urgenly, Important/psaaccessoriesonline/vendor/laravel/framework/src/Illuminate/Pipeline/Pipeline.php(137): Illuminate/Pipeline/Pipeline->Illuminate/Pipeline/{closure}(Object(Illuminate/Http/Request))
#14 D:/Very, Urgenly, Important/psaaccessoriesonline/vendor/laravel/framework/src/Illuminate/Routing/Router.php(821): Illuminate/Pipeline/Pipeline->then(Object(Closure))
#15 D:/Very, Urgenly, Important/psaaccessoriesonline/vendor/laravel/framework/src/Illuminate/Routing/Router.php(800): Illuminate/Routing/Router->runRouteWithinStack(Object(Illuminate/Routing/Route), Object(Illuminate/Http/Request))
#16 D:/Very, Urgenly, Important/psaaccessoriesonline/vendor/laravel/framework/src/Illuminate/Routing/Router.php(764): Illuminate/Routing/Router->runRoute(Object(Illuminate/Http/Request), Object(Illuminate/Routing/Route))
#17 D:/Very, Urgenly, Important/psaaccessoriesonline/vendor/laravel/framework/src/Illuminate/Routing/Router.php(753): Illuminate/Routing/Router->dispatchToRoute(Object(Illuminate/Http/Request))
#18 D:/Very, Urgenly, Important/psaaccessoriesonline/vendor/laravel/framework/src/Illuminate/Foundation/Http/Kernel.php(200): Illuminate/Routing/Router->dispatch(Object(Illuminate/Http/Request))
#19 D:/Very, Urgenly, Important/psaaccessoriesonline/vendor/laravel/framework/src/Illuminate/Pipeline/Pipeline.php(180): Illuminate/Foundation/Http/Kernel->Illuminate/Foundation/Http/{closure}(Object(Illuminate/Http/Request))
#20 D:/Very, Urgenly, Important/psaaccessoriesonline/vendor/laravel/framework/src/Illuminate/Foundation/Http/Middleware/TransformsRequest.php(21): Illuminate/Pipeline/Pipeline->Illuminate/Pipeline/{closure}(Object(Illuminate/Http/Request))
#21 D:/Very, Urgenly, Important/psaaccessoriesonline/vendor/laravel/framework/src/Illuminate/Foundation/Http/Middleware/ConvertEmptyStringsToNull.php(31): Illuminate/Foundation/Http/Middleware/TransformsRequest->handle(Object(Illuminate/Http/Request), Object(Closure))
#22 D:/Very, Urgenly, Important/psaaccessoriesonline/vendor/laravel/framework/src/Illuminate/Pipeline/Pipeline.php(219): Illuminate/Foundation/Http/Middleware/ConvertEmptyStringsToNull->handle(Object(Illuminate/Http/Request), Object(Closure))
#23 D:/Very, Urgenly, Important/psaaccessoriesonline/vendor/laravel/framework/src/Illuminate/Foundation/Http/Middleware/TransformsRequest.php(21): Illuminate/Pipeline/Pipeline->Illuminate/Pipeline/{closure}(Object(Illuminate/Http/Request))
#24 D:/Very, Urgenly, Important/psaaccessoriesonline/vendor/laravel/framework/src/Illuminate/Foundation/Http/Middleware/TrimStrings.php(51): Illuminate/Foundation/Http/Middleware/TransformsRequest->handle(Object(Illuminate/Http/Request), Object(Closure))
#25 D:/Very, Urgenly, Important/psaaccessoriesonline/vendor/laravel/framework/src/Illuminate/Pipeline/Pipeline.php(219): Illuminate/Foundation/Http/Middleware/TrimStrings->handle(Object(Illuminate/Http/Request), Object(Closure))
#26 D:/Very, Urgenly, Important/psaaccessoriesonline/vendor/laravel/framework/src/Illuminate/Http/Middleware/ValidatePostSize.php(27): Illuminate/Pipeline/Pipeline->Illuminate/Pipeline/{closure}(Object(Illuminate/Http/Request))
#27 D:/Very, Urgenly, Important/psaaccessoriesonline/vendor/laravel/framework/src/Illuminate/Pipeline/Pipeline.php(219): Illuminate/Http/Middleware/ValidatePostSize->handle(Object(Illuminate/Http/Request), Object(Closure))
#28 D:/Very, Urgenly, Important/psaaccessoriesonline/vendor/laravel/framework/src/Illuminate/Foundation/Http/Middleware/PreventRequestsDuringMaintenance.php(109): Illuminate/Pipeline/Pipeline->Illuminate/Pipeline/{closure}(Object(Illuminate/Http/Request))
#29 D:/Very, Urgenly, Important/psaaccessoriesonline/vendor/laravel/framework/src/Illuminate/Pipeline/Pipeline.php(219): Illuminate/Foundation/Http/Middleware/PreventRequestsDuringMaintenance->handle(Object(Illuminate/Http/Request), Object(Closure))
#30 D:/Very, Urgenly, Important/psaaccessoriesonline/vendor/laravel/framework/src/Illuminate/Http/Middleware/HandleCors.php(74): Illuminate/Pipeline/Pipeline->Illuminate/Pipeline/{closure}(Object(Illuminate/Http/Request))
#31 D:/Very, Urgenly, Important/psaaccessoriesonline/vendor/laravel/framework/src/Illuminate/Pipeline/Pipeline.php(219): Illuminate/Http/Middleware/HandleCors->handle(Object(Illuminate/Http/Request), Object(Closure))
#32 D:/Very, Urgenly, Important/psaaccessoriesonline/vendor/laravel/framework/src/Illuminate/Http/Middleware/TrustProxies.php(58): Illuminate/Pipeline/Pipeline->Illuminate/Pipeline/{closure}(Object(Illuminate/Http/Request))
#33 D:/Very, Urgenly, Important/psaaccessoriesonline/vendor/laravel/framework/src/Illuminate/Pipeline/Pipeline.php(219): Illuminate/Http/Middleware/TrustProxies->handle(Object(Illuminate/Http/Request), Object(Closure))
#34 D:/Very, Urgenly, Important/psaaccessoriesonline/vendor/laravel/framework/src/Illuminate/Foundation/Http/Middleware/InvokeDeferredCallbacks.php(22): Illuminate/Pipeline/Pipeline->Illuminate/Pipeline/{closure}(Object(Illuminate/Http/Request))
#35 D:/Very, Urgenly, Important/psaaccessoriesonline/vendor/laravel/framework/src/Illuminate/Pipeline/Pipeline.php(219): Illuminate/Foundation/Http/Middleware/InvokeDeferredCallbacks->handle(Object(Illuminate/Http/Request), Object(Closure))
#36 D:/Very, Urgenly, Important/psaaccessoriesonline/vendor/laravel/framework/src/Illuminate/Http/Middleware/ValidatePathEncoding.php(26): Illuminate/Pipeline/Pipeline->Illuminate/Pipeline/{closure}(Object(Illuminate/Http/Request))
#37 D:/Very, Urgenly, Important/psaaccessoriesonline/vendor/laravel/framework/src/Illuminate/Pipeline/Pipeline.php(219): Illuminate/Http/Middleware/ValidatePathEncoding->handle(Object(Illuminate/Http/Request), Object(Closure))
#38 D:/Very, Urgenly, Important/psaaccessoriesonline/vendor/laravel/framework/src/Illuminate/Pipeline/Pipeline.php(137): Illuminate/Pipeline/Pipeline->Illuminate/Pipeline/{closure}(Object(Illuminate/Http/Request))
#39 D:/Very, Urgenly, Important/psaaccessoriesonline/vendor/laravel/framework/src/Illuminate/Foundation/Http/Kernel.php(175): Illuminate/Pipeline/Pipeline->then(Object(Closure))
#40 D:/Very, Urgenly, Important/psaaccessoriesonline/vendor/laravel/framework/src/Illuminate/Foundation/Http/Kernel.php(144): Illuminate/Foundation/Http/Kernel->sendRequestThroughRouter(Object(Illuminate/Http/Request))
#41 D:/Very, Urgenly, Important/psaaccessoriesonline/vendor/laravel/framework/src/Illuminate/Foundation/Application.php(1220): Illuminate/Foundation/Http/Kernel->handle(Object(Illuminate/Http/Request))
#42 D:/Very, Urgenly, Important/psaaccessoriesonline/public/index.php(21): Illuminate/Foundation/Application->handleRequest(Object(Illuminate/Http/Request))
#43 D:/Very, Urgenly, Important/psaaccessoriesonline/vendor/laravel/framework/src/Illuminate/Foundation/resources/server.php(23): require_once('D://Very, Urgenl...')
#44 {main}
"} 
[2026-10-02 13:14:26] local.ERROR: file_put_contents(D:\Very, Urgenly, Important\psaaccessoriesonline\storage\framework/sessions/X77BVewTB4EYP9N1Tev7pYHyIbIRoOitUHilol7p): Failed to open stream: No such file or directory {"exception":"[object] (ErrorException(code: 0): file_put_contents(D:\\Very, Urgenly, Important\\psaaccessoriesonline\\storage\\framework/sessions/X77BVewTB4EYP9N1Tev7pYHyIbIRoOitUHilol7p): Failed to open stream: No such file or directory at D:/Very, Urgenly, Important/psaaccessoriesonline/vendor/laravel/framework/src/Illuminate/Filesystem/Filesystem.php:204)
[stacktrace]
#0 D:/Very, Urgenly, Important/psaaccessoriesonline/vendor/laravel/framework/src/Illuminate/Foundation/Bootstrap/HandleExceptions.php(262): Illuminate/Foundation/Bootstrap/HandleExceptions->handleError(2, 'file_put_conten...', 'D://Very, Urgenl...', 204)
#1 [internal function]: Illuminate/Foundation/Bootstrap/HandleExceptions->Illuminate/Foundation/Bootstrap/{closure}(2, 'file_put_conten...', 'D://Very, Urgenl...', 204)
#2 D:/Very, Urgenly, Important/psaaccessoriesonline/vendor/laravel/framework/src/Illuminate/Filesystem/Filesystem.php(204): file_put_contents('D://Very, Urgenl...', 'eyJpdiI6InpmMzZ...', 2)
#3 D:/Very, Urgenly, Important/psaaccessoriesonline/vendor/laravel/framework/src/Illuminate/Session/FileSessionHandler.php(89): Illuminate/Filesystem/Filesystem->put('D://Very, Urgenl...', 'eyJpdiI6InpmMzZ...', true)
#4 D:/Very, Urgenly, Important/psaaccessoriesonline/vendor/laravel/framework/src/Illuminate/Session/Store.php(187): Illuminate/Session/FileSessionHandler->write('X77BVewTB4EYP9N...', 'eyJpdiI6InpmMzZ...')
#5 D:/Very, Urgenly, Important/psaaccessoriesonline/vendor/laravel/framework/src/Illuminate/Session/Middleware/StartSession.php(248): Illuminate/Session/Store->save()
#6 D:/Very, Urgenly, Important/psaaccessoriesonline/vendor/laravel/framework/src/Illuminate/Session/Middleware/StartSession.php(129): Illuminate/Session/Middleware/StartSession->saveSession(Object(Illuminate/Http/Request))
#7 D:/Very, Urgenly, Important/psaaccessoriesonline/vendor/laravel/framework/src/Illuminate/Session/Middleware/StartSession.php(63): Illuminate/Session/Middleware/StartSession->handleStatefulRequest(Object(Illuminate/Http/Request), Object(Illuminate/Session/EncryptedStore), Object(Closure))
#8 D:/Very, Urgenly, Important/psaaccessoriesonline/vendor/laravel/framework/src/Illuminate/Pipeline/Pipeline.php(219): Illuminate/Session/Middleware/StartSession->handle(Object(Illuminate/Http/Request), Object(Closure))
#9 D:/Very, Urgenly, Important/psaaccessoriesonline/vendor/laravel/framework/src/Illuminate/Cookie/Middleware/AddQueuedCookiesToResponse.php(36): Illuminate/Pipeline/Pipeline->Illuminate/Pipeline/{closure}(Object(Illuminate/Http/Request))
#10 D:/Very, Urgenly, Important/psaaccessoriesonline/vendor/laravel/framework/src/Illuminate/Pipeline/Pipeline.php(219): Illuminate/Cookie/Middleware/AddQueuedCookiesToResponse->handle(Object(Illuminate/Http/Request), Object(Closure))
#11 D:/Very, Urgenly, Important/psaaccessoriesonline/vendor/laravel/framework/src/Illuminate/Cookie/Middleware/EncryptCookies.php(74): Illuminate/Pipeline/Pipeline->Illuminate/Pipeline/{closure}(Object(Illuminate/Http/Request))
#12 D:/Very, Urgenly, Important/psaaccessoriesonline/vendor/laravel/framework/src/Illuminate/Pipeline/Pipeline.php(219): Illuminate/Cookie/Middleware/EncryptCookies->handle(Object(Illuminate/Http/Request), Object(Closure))
#13 D:/Very, Urgenly, Important/psaaccessoriesonline/vendor/laravel/framework/src/Illuminate/Pipeline/Pipeline.php(137): Illuminate/Pipeline/Pipeline->Illuminate/Pipeline/{closure}(Object(Illuminate/Http/Request))
#14 D:/Very, Urgenly, Important/psaaccessoriesonline/vendor/laravel/framework/src/Illuminate/Routing/Router.php(821): Illuminate/Pipeline/Pipeline->then(Object(Closure))
#15 D:/Very, Urgenly, Important/psaaccessoriesonline/vendor/laravel/framework/src/Illuminate/Routing/Router.php(800): Illuminate/Routing/Router->runRouteWithinStack(Object(Illuminate/Routing/Route), Object(Illuminate/Http/Request))
#16 D:/Very, Urgenly, Important/psaaccessoriesonline/vendor/laravel/framework/src/Illuminate/Routing/Router.php(764): Illuminate/Routing/Router->runRoute(Object(Illuminate/Http/Request), Object(Illuminate/Routing/Route))
#17 D:/Very, Urgenly, Important/psaaccessoriesonline/vendor/laravel/framework/src/Illuminate/Routing/Router.php(753): Illuminate/Routing/Router->dispatchToRoute(Object(Illuminate/Http/Request))
#18 D:/Very, Urgenly, Important/psaaccessoriesonline/vendor/laravel/framework/src/Illuminate/Foundation/Http/Kernel.php(200): Illuminate/Routing/Router->dispatch(Object(Illuminate/Http/Request))
#19 D:/Very, Urgenly, Important/psaaccessoriesonline/vendor/laravel/framework/src/Illuminate/Pipeline/Pipeline.php(180): Illuminate/Foundation/Http/Kernel->Illuminate/Foundation/Http/{closure}(Object(Illuminate/Http/Request))
#20 D:/Very, Urgenly, Important/psaaccessoriesonline/vendor/laravel/framework/src/Illuminate/Foundation/Http/Middleware/TransformsRequest.php(21): Illuminate/Pipeline/Pipeline->Illuminate/Pipeline/{closure}(Object(Illuminate/Http/Request))
#21 D:/Very, Urgenly, Important/psaaccessoriesonline/vendor/laravel/framework/src/Illuminate/Foundation/Http/Middleware/ConvertEmptyStringsToNull.php(31): Illuminate/Foundation/Http/Middleware/TransformsRequest->handle(Object(Illuminate/Http/Request), Object(Closure))
#22 D:/Very, Urgenly, Important/psaaccessoriesonline/vendor/laravel/framework/src/Illuminate/Pipeline/Pipeline.php(219): Illuminate/Foundation/Http/Middleware/ConvertEmptyStringsToNull->handle(Object(Illuminate/Http/Request), Object(Closure))
#23 D:/Very, Urgenly, Important/psaaccessoriesonline/vendor/laravel/framework/src/Illuminate/Foundation/Http/Middleware/TransformsRequest.php(21): Illuminate/Pipeline/Pipeline->Illuminate/Pipeline/{closure}(Object(Illuminate/Http/Request))
#24 D:/Very, Urgenly, Important/psaaccessoriesonline/vendor/laravel/framework/src/Illuminate/Foundation/Http/Middleware/TrimStrings.php(51): Illuminate/Foundation/Http/Middleware/TransformsRequest->handle(Object(Illuminate/Http/Request), Object(Closure))
#25 D:/Very, Urgenly, Important/psaaccessoriesonline/vendor/laravel/framework/src/Illuminate/Pipeline/Pipeline.php(219): Illuminate/Foundation/Http/Middleware/TrimStrings->handle(Object(Illuminate/Http/Request), Object(Closure))
#26 D:/Very, Urgenly, Important/psaaccessoriesonline/vendor/laravel/framework/src/Illuminate/Http/Middleware/ValidatePostSize.php(27): Illuminate/Pipeline/Pipeline->Illuminate/Pipeline/{closure}(Object(Illuminate/Http/Request))
#27 D:/Very, Urgenly, Important/psaaccessoriesonline/vendor/laravel/framework/src/Illuminate/Pipeline/Pipeline.php(219): Illuminate/Http/Middleware/ValidatePostSize->handle(Object(Illuminate/Http/Request), Object(Closure))
#28 D:/Very, Urgenly, Important/psaaccessoriesonline/vendor/laravel/framework/src/Illuminate/Foundation/Http/Middleware/PreventRequestsDuringMaintenance.php(109): Illuminate/Pipeline/Pipeline->Illuminate/Pipeline/{closure}(Object(Illuminate/Http/Request))
#29 D:/Very, Urgenly, Important/psaaccessoriesonline/vendor/laravel/framework/src/Illuminate/Pipeline/Pipeline.php(219): Illuminate/Foundation/Http/Middleware/PreventRequestsDuringMaintenance->handle(Object(Illuminate/Http/Request), Object(Closure))
#30 D:/Very, Urgenly, Important/psaaccessoriesonline/vendor/laravel/framework/src/Illuminate/Http/Middleware/HandleCors.php(74): Illuminate/Pipeline/Pipeline->Illuminate/Pipeline/{closure}(Object(Illuminate/Http/Request))
#31 D:/Very, Urgenly, Important/psaaccessoriesonline/vendor/laravel/framework/src/Illuminate/Pipeline/Pipeline.php(219): Illuminate/Http/Middleware/HandleCors->handle(Object(Illuminate/Http/Request), Object(Closure))
#32 D:/Very, Urgenly, Important/psaaccessoriesonline/vendor/laravel/framework/src/Illuminate/Http/Middleware/TrustProxies.php(58): Illuminate/Pipeline/Pipeline->Illuminate/Pipeline/{closure}(Object(Illuminate/Http/Request))
#33 D:/Very, Urgenly, Important/psaaccessoriesonline/vendor/laravel/framework/src/Illuminate/Pipeline/Pipeline.php(219): Illuminate/Http/Middleware/TrustProxies->handle(Object(Illuminate/Http/Request), Object(Closure))
#34 D:/Very, Urgenly, Important/psaaccessoriesonline/vendor/laravel/framework/src/Illuminate/Foundation/Http/Middleware/InvokeDeferredCallbacks.php(22): Illuminate/Pipeline/Pipeline->Illuminate/Pipeline/{closure}(Object(Illuminate/Http/Request))
#35 D:/Very, Urgenly, Important/psaaccessoriesonline/vendor/laravel/framework/src/Illuminate/Pipeline/Pipeline.php(219): Illuminate/Foundation/Http/Middleware/InvokeDeferredCallbacks->handle(Object(Illuminate/Http/Request), Object(Closure))
#36 D:/Very, Urgenly, Important/psaaccessoriesonline/vendor/laravel/framework/src/Illuminate/Http/Middleware/ValidatePathEncoding.php(26): Illuminate/Pipeline/Pipeline->Illuminate/Pipeline/{closure}(Object(Illuminate/Http/Request))
#37 D:/Very, Urgenly, Important/psaaccessoriesonline/vendor/laravel/framework/src/Illuminate/Pipeline/Pipeline.php(219): Illuminate/Http/Middleware/ValidatePathEncoding->handle(Object(Illuminate/Http/Request), Object(Closure))
#38 D:/Very, Urgenly, Important/psaaccessoriesonline/vendor/laravel/framework/src/Illuminate/Pipeline/Pipeline.php(137): Illuminate/Pipeline/Pipeline->Illuminate/Pipeline/{closure}(Object(Illuminate/Http/Request))
#39 D:/Very, Urgenly, Important/psaaccessoriesonline/vendor/laravel/framework/src/Illuminate/Foundation/Http/Kernel.php(175): Illuminate/Pipeline/Pipeline->then(Object(Closure))
#40 D:/Very, Urgenly, Important/psaaccessoriesonline/vendor/laravel/framework/src/Illuminate/Foundation/Http/Kernel.php(144): Illuminate/Foundation/Http/Kernel->sendRequestThroughRouter(Object(Illuminate/Http/Request))
#41 D:/Very, Urgenly, Important/psaaccessoriesonline/vendor/laravel/framework/src/Illuminate/Foundation/Application.php(1220): Illuminate/Foundation/Http/Kernel->handle(Object(Illuminate/Http/Request))
#42 D:/Very, Urgenly, Important/psaaccessoriesonline/public/index.php(21): Illuminate/Foundation/Application->handleRequest(Object(Illuminate/Http/Request))
#43 D:/Very, Urgenly, Important/psaaccessoriesonline/vendor/laravel/framework/src/Illuminate/Foundation/resources/server.php(23): require_once('D://Very, Urgenl...')
#44 {main}
"} 
[2026-10-02 13:15:46] local.ERROR: file_put_contents(D:\Very, Urgenly, Important\psaaccessoriesonline\storage\framework/sessions/Z3LktGQdAoaW8daHzBDphMPfFLmFTgfZpAFFGPUG): Failed to open stream: No such file or directory {"exception":"[object] (ErrorException(code: 0): file_put_contents(D:\\Very, Urgenly, Important\\psaaccessoriesonline\\storage\\framework/sessions/Z3LktGQdAoaW8daHzBDphMPfFLmFTgfZpAFFGPUG): Failed to open stream: No such file or directory at D:/Very, Urgenly, Important/psaaccessoriesonline/vendor/laravel/framework/src/Illuminate/Filesystem/Filesystem.php:204)
[stacktrace]
#0 D:/Very, Urgenly, Important/psaaccessoriesonline/vendor/laravel/framework/src/Illuminate/Foundation/Bootstrap/HandleExceptions.php(262): Illuminate/Foundation/Bootstrap/HandleExceptions->handleError(2, 'file_put_conten...', 'D://Very, Urgenl...', 204)
#1 [internal function]: Illuminate/Foundation/Bootstrap/HandleExceptions->Illuminate/Foundation/Bootstrap/{closure}(2, 'file_put_conten...', 'D://Very, Urgenl...', 204)
#2 D:/Very, Urgenly, Important/psaaccessoriesonline/vendor/laravel/framework/src/Illuminate/Filesystem/Filesystem.php(204): file_put_contents('D://Very, Urgenl...', 'eyJpdiI6Ii9zREx...', 2)
#3 D:/Very, Urgenly, Important/psaaccessoriesonline/vendor/laravel/framework/src/Illuminate/Session/FileSessionHandler.php(89): Illuminate/Filesystem/Filesystem->put('D://Very, Urgenl...', 'eyJpdiI6Ii9zREx...', true)
#4 D:/Very, Urgenly, Important/psaaccessoriesonline/vendor/laravel/framework/src/Illuminate/Session/Store.php(187): Illuminate/Session/FileSessionHandler->write('Z3LktGQdAoaW8da...', 'eyJpdiI6Ii9zREx...')
#5 D:/Very, Urgenly, Important/psaaccessoriesonline/vendor/laravel/framework/src/Illuminate/Session/Middleware/StartSession.php(248): Illuminate/Session/Store->save()
#6 D:/Very, Urgenly, Important/psaaccessoriesonline/vendor/laravel/framework/src/Illuminate/Session/Middleware/StartSession.php(129): Illuminate/Session/Middleware/StartSession->saveSession(Object(Illuminate/Http/Request))
#7 D:/Very, Urgenly, Important/psaaccessoriesonline/vendor/laravel/framework/src/Illuminate/Session/Middleware/StartSession.php(63): Illuminate/Session/Middleware/StartSession->handleStatefulRequest(Object(Illuminate/Http/Request), Object(Illuminate/Session/EncryptedStore), Object(Closure))
#8 D:/Very, Urgenly, Important/psaaccessoriesonline/vendor/laravel/framework/src/Illuminate/Pipeline/Pipeline.php(219): Illuminate/Session/Middleware/StartSession->handle(Object(Illuminate/Http/Request), Object(Closure))
#9 D:/Very, Urgenly, Important/psaaccessoriesonline/vendor/laravel/framework/src/Illuminate/Cookie/Middleware/AddQueuedCookiesToResponse.php(36): Illuminate/Pipeline/Pipeline->Illuminate/Pipeline/{closure}(Object(Illuminate/Http/Request))
#10 D:/Very, Urgenly, Important/psaaccessoriesonline/vendor/laravel/framework/src/Illuminate/Pipeline/Pipeline.php(219): Illuminate/Cookie/Middleware/AddQueuedCookiesToResponse->handle(Object(Illuminate/Http/Request), Object(Closure))
#11 D:/Very, Urgenly, Important/psaaccessoriesonline/vendor/laravel/framework/src/Illuminate/Cookie/Middleware/EncryptCookies.php(74): Illuminate/Pipeline/Pipeline->Illuminate/Pipeline/{closure}(Object(Illuminate/Http/Request))
#12 D:/Very, Urgenly, Important/psaaccessoriesonline/vendor/laravel/framework/src/Illuminate/Pipeline/Pipeline.php(219): Illuminate/Cookie/Middleware/EncryptCookies->handle(Object(Illuminate/Http/Request), Object(Closure))
#13 D:/Very, Urgenly, Important/psaaccessoriesonline/vendor/laravel/framework/src/Illuminate/Pipeline/Pipeline.php(137): Illuminate/Pipeline/Pipeline->Illuminate/Pipeline/{closure}(Object(Illuminate/Http/Request))
#14 D:/Very, Urgenly, Important/psaaccessoriesonline/vendor/laravel/framework/src/Illuminate/Routing/Router.php(821): Illuminate/Pipeline/Pipeline->then(Object(Closure))
#15 D:/Very, Urgenly, Important/psaaccessoriesonline/vendor/laravel/framework/src/Illuminate/Routing/Router.php(800): Illuminate/Routing/Router->runRouteWithinStack(Object(Illuminate/Routing/Route), Object(Illuminate/Http/Request))
#16 D:/Very, Urgenly, Important/psaaccessoriesonline/vendor/laravel/framework/src/Illuminate/Routing/Router.php(764): Illuminate/Routing/Router->runRoute(Object(Illuminate/Http/Request), Object(Illuminate/Routing/Route))
#17 D:/Very, Urgenly, Important/psaaccessoriesonline/vendor/laravel/framework/src/Illuminate/Routing/Router.php(753): Illuminate/Routing/Router->dispatchToRoute(Object(Illuminate/Http/Request))
#18 D:/Very, Urgenly, Important/psaaccessoriesonline/vendor/laravel/framework/src/Illuminate/Foundation/Http/Kernel.php(200): Illuminate/Routing/Router->dispatch(Object(Illuminate/Http/Request))
#19 D:/Very, Urgenly, Important/psaaccessoriesonline/vendor/laravel/framework/src/Illuminate/Pipeline/Pipeline.php(180): Illuminate/Foundation/Http/Kernel->Illuminate/Foundation/Http/{closure}(Object(Illuminate/Http/Request))
#20 D:/Very, Urgenly, Important/psaaccessoriesonline/vendor/laravel/framework/src/Illuminate/Foundation/Http/Middleware/TransformsRequest.php(21): Illuminate/Pipeline/Pipeline->Illuminate/Pipeline/{closure}(Object(Illuminate/Http/Request))
#21 D:/Very, Urgenly, Important/psaaccessoriesonline/vendor/laravel/framework/src/Illuminate/Foundation/Http/Middleware/ConvertEmptyStringsToNull.php(31): Illuminate/Foundation/Http/Middleware/TransformsRequest->handle(Object(Illuminate/Http/Request), Object(Closure))
#22 D:/Very, Urgenly, Important/psaaccessoriesonline/vendor/laravel/framework/src/Illuminate/Pipeline/Pipeline.php(219): Illuminate/Foundation/Http/Middleware/ConvertEmptyStringsToNull->handle(Object(Illuminate/Http/Request), Object(Closure))
#23 D:/Very, Urgenly, Important/psaaccessoriesonline/vendor/laravel/framework/src/Illuminate/Foundation/Http/Middleware/TransformsRequest.php(21): Illuminate/Pipeline/Pipeline->Illuminate/Pipeline/{closure}(Object(Illuminate/Http/Request))
#24 D:/Very, Urgenly, Important/psaaccessoriesonline/vendor/laravel/framework/src/Illuminate/Foundation/Http/Middleware/TrimStrings.php(51): Illuminate/Foundation/Http/Middleware/TransformsRequest->handle(Object(Illuminate/Http/Request), Object(Closure))
#25 D:/Very, Urgenly, Important/psaaccessoriesonline/vendor/laravel/framework/src/Illuminate/Pipeline/Pipeline.php(219): Illuminate/Foundation/Http/Middleware/TrimStrings->handle(Object(Illuminate/Http/Request), Object(Closure))
#26 D:/Very, Urgenly, Important/psaaccessoriesonline/vendor/laravel/framework/src/Illuminate/Http/Middleware/ValidatePostSize.php(27): Illuminate/Pipeline/Pipeline->Illuminate/Pipeline/{closure}(Object(Illuminate/Http/Request))
#27 D:/Very, Urgenly, Important/psaaccessoriesonline/vendor/laravel/framework/src/Illuminate/Pipeline/Pipeline.php(219): Illuminate/Http/Middleware/ValidatePostSize->handle(Object(Illuminate/Http/Request), Object(Closure))
#28 D:/Very, Urgenly, Important/psaaccessoriesonline/vendor/laravel/framework/src/Illuminate/Foundation/Http/Middleware/PreventRequestsDuringMaintenance.php(109): Illuminate/Pipeline/Pipeline->Illuminate/Pipeline/{closure}(Object(Illuminate/Http/Request))
#29 D:/Very, Urgenly, Important/psaaccessoriesonline/vendor/laravel/framework/src/Illuminate/Pipeline/Pipeline.php(219): Illuminate/Foundation/Http/Middleware/PreventRequestsDuringMaintenance->handle(Object(Illuminate/Http/Request), Object(Closure))
#30 D:/Very, Urgenly, Important/psaaccessoriesonline/vendor/laravel/framework/src/Illuminate/Http/Middleware/HandleCors.php(61): Illuminate/Pipeline/Pipeline->Illuminate/Pipeline/{closure}(Object(Illuminate/Http/Request))
#31 D:/Very, Urgenly, Important/psaaccessoriesonline/vendor/laravel/framework/src/Illuminate/Pipeline/Pipeline.php(219): Illuminate/Http/Middleware/HandleCors->handle(Object(Illuminate/Http/Request), Object(Closure))
#32 D:/Very, Urgenly, Important/psaaccessoriesonline/vendor/laravel/framework/src/Illuminate/Http/Middleware/TrustProxies.php(58): Illuminate/Pipeline/Pipeline->Illuminate/Pipeline/{closure}(Object(Illuminate/Http/Request))
#33 D:/Very, Urgenly, Important/psaaccessoriesonline/vendor/laravel/framework/src/Illuminate/Pipeline/Pipeline.php(219): Illuminate/Http/Middleware/TrustProxies->handle(Object(Illuminate/Http/Request), Object(Closure))
#34 D:/Very, Urgenly, Important/psaaccessoriesonline/vendor/laravel/framework/src/Illuminate/Foundation/Http/Middleware/InvokeDeferredCallbacks.php(22): Illuminate/Pipeline/Pipeline->Illuminate/Pipeline/{closure}(Object(Illuminate/Http/Request))
#35 D:/Very, Urgenly, Important/psaaccessoriesonline/vendor/laravel/framework/src/Illuminate/Pipeline/Pipeline.php(219): Illuminate/Foundation/Http/Middleware/InvokeDeferredCallbacks->handle(Object(Illuminate/Http/Request), Object(Closure))
#36 D:/Very, Urgenly, Important/psaaccessoriesonline/vendor/laravel/framework/src/Illuminate/Http/Middleware/ValidatePathEncoding.php(26): Illuminate/Pipeline/Pipeline->Illuminate/Pipeline/{closure}(Object(Illuminate/Http/Request))
#37 D:/Very, Urgenly, Important/psaaccessoriesonline/vendor/laravel/framework/src/Illuminate/Pipeline/Pipeline.php(219): Illuminate/Http/Middleware/ValidatePathEncoding->handle(Object(Illuminate/Http/Request), Object(Closure))
#38 D:/Very, Urgenly, Important/psaaccessoriesonline/vendor/laravel/framework/src/Illuminate/Pipeline/Pipeline.php(137): Illuminate/Pipeline/Pipeline->Illuminate/Pipeline/{closure}(Object(Illuminate/Http/Request))
#39 D:/Very, Urgenly, Important/psaaccessoriesonline/vendor/laravel/framework/src/Illuminate/Foundation/Http/Kernel.php(175): Illuminate/Pipeline/Pipeline->then(Object(Closure))
#40 D:/Very, Urgenly, Important/psaaccessoriesonline/vendor/laravel/framework/src/Illuminate/Foundation/Http/Kernel.php(144): Illuminate/Foundation/Http/Kernel->sendRequestThroughRouter(Object(Illuminate/Http/Request))
#41 D:/Very, Urgenly, Important/psaaccessoriesonline/vendor/laravel/framework/src/Illuminate/Foundation/Application.php(1220): Illuminate/Foundation/Http/Kernel->handle(Object(Illuminate/Http/Request))
#42 D:/Very, Urgenly, Important/psaaccessoriesonline/public/index.php(21): Illuminate/Foundation/Application->handleRequest(Object(Illuminate/Http/Request))
#43 D:/Very, Urgenly, Important/psaaccessoriesonline/vendor/laravel/framework/src/Illuminate/Foundation/resources/server.php(23): require_once('D://Very, Urgenl...')
#44 {main}
"} 
[2026-10-02 13:15:48] local.ERROR: file_put_contents(D:\Very, Urgenly, Important\psaaccessoriesonline\storage\framework/sessions/uM2YovelLrIMqQ6h9bJfjuwgKN9IAY58JyPP4bQ6): Failed to open stream: No such file or directory {"exception":"[object] (ErrorException(code: 0): file_put_contents(D:\\Very, Urgenly, Important\\psaaccessoriesonline\\storage\\framework/sessions/uM2YovelLrIMqQ6h9bJfjuwgKN9IAY58JyPP4bQ6): Failed to open stream: No such file or directory at D:/Very, Urgenly, Important/psaaccessoriesonline/vendor/laravel/framework/src/Illuminate/Filesystem/Filesystem.php:204)
[stacktrace]
#0 D:/Very, Urgenly, Important/psaaccessoriesonline/vendor/laravel/framework/src/Illuminate/Foundation/Bootstrap/HandleExceptions.php(262): Illuminate/Foundation/Bootstrap/HandleExceptions->handleError(2, 'file_put_conten...', 'D://Very, Urgenl...', 204)
#1 [internal function]: Illuminate/Foundation/Bootstrap/HandleExceptions->Illuminate/Foundation/Bootstrap/{closure}(2, 'file_put_conten...', 'D://Very, Urgenl...', 204)
#2 D:/Very, Urgenly, Important/psaaccessoriesonline/vendor/laravel/framework/src/Illuminate/Filesystem/Filesystem.php(204): file_put_contents('D://Very, Urgenl...', 'eyJpdiI6ImhwcW5...', 2)
#3 D:/Very, Urgenly, Important/psaaccessoriesonline/vendor/laravel/framework/src/Illuminate/Session/FileSessionHandler.php(89): Illuminate/Filesystem/Filesystem->put('D://Very, Urgenl...', 'eyJpdiI6ImhwcW5...', true)
#4 D:/Very, Urgenly, Important/psaaccessoriesonline/vendor/laravel/framework/src/Illuminate/Session/Store.php(187): Illuminate/Session/FileSessionHandler->write('uM2YovelLrIMqQ6...', 'eyJpdiI6ImhwcW5...')
#5 D:/Very, Urgenly, Important/psaaccessoriesonline/vendor/laravel/framework/src/Illuminate/Session/Middleware/StartSession.php(248): Illuminate/Session/Store->save()
#6 D:/Very, Urgenly, Important/psaaccessoriesonline/vendor/laravel/framework/src/Illuminate/Session/Middleware/StartSession.php(129): Illuminate/Session/Middleware/StartSession->saveSession(Object(Illuminate/Http/Request))
#7 D:/Very, Urgenly, Important/psaaccessoriesonline/vendor/laravel/framework/src/Illuminate/Session/Middleware/StartSession.php(63): Illuminate/Session/Middleware/StartSession->handleStatefulRequest(Object(Illuminate/Http/Request), Object(Illuminate/Session/EncryptedStore), Object(Closure))
#8 D:/Very, Urgenly, Important/psaaccessoriesonline/vendor/laravel/framework/src/Illuminate/Pipeline/Pipeline.php(219): Illuminate/Session/Middleware/StartSession->handle(Object(Illuminate/Http/Request), Object(Closure))
#9 D:/Very, Urgenly, Important/psaaccessoriesonline/vendor/laravel/framework/src/Illuminate/Cookie/Middleware/AddQueuedCookiesToResponse.php(36): Illuminate/Pipeline/Pipeline->Illuminate/Pipeline/{closure}(Object(Illuminate/Http/Request))
#10 D:/Very, Urgenly, Important/psaaccessoriesonline/vendor/laravel/framework/src/Illuminate/Pipeline/Pipeline.php(219): Illuminate/Cookie/Middleware/AddQueuedCookiesToResponse->handle(Object(Illuminate/Http/Request), Object(Closure))
#11 D:/Very, Urgenly, Important/psaaccessoriesonline/vendor/laravel/framework/src/Illuminate/Cookie/Middleware/EncryptCookies.php(74): Illuminate/Pipeline/Pipeline->Illuminate/Pipeline/{closure}(Object(Illuminate/Http/Request))
#12 D:/Very, Urgenly, Important/psaaccessoriesonline/vendor/laravel/framework/src/Illuminate/Pipeline/Pipeline.php(219): Illuminate/Cookie/Middleware/EncryptCookies->handle(Object(Illuminate/Http/Request), Object(Closure))
#13 D:/Very, Urgenly, Important/psaaccessoriesonline/vendor/laravel/framework/src/Illuminate/Pipeline/Pipeline.php(137): Illuminate/Pipeline/Pipeline->Illuminate/Pipeline/{closure}(Object(Illuminate/Http/Request))
#14 D:/Very, Urgenly, Important/psaaccessoriesonline/vendor/laravel/framework/src/Illuminate/Routing/Router.php(821): Illuminate/Pipeline/Pipeline->then(Object(Closure))
#15 D:/Very, Urgenly, Important/psaaccessoriesonline/vendor/laravel/framework/src/Illuminate/Routing/Router.php(800): Illuminate/Routing/Router->runRouteWithinStack(Object(Illuminate/Routing/Route), Object(Illuminate/Http/Request))
#16 D:/Very, Urgenly, Important/psaaccessoriesonline/vendor/laravel/framework/src/Illuminate/Routing/Router.php(764): Illuminate/Routing/Router->runRoute(Object(Illuminate/Http/Request), Object(Illuminate/Routing/Route))
#17 D:/Very, Urgenly, Important/psaaccessoriesonline/vendor/laravel/framework/src/Illuminate/Routing/Router.php(753): Illuminate/Routing/Router->dispatchToRoute(Object(Illuminate/Http/Request))
#18 D:/Very, Urgenly, Important/psaaccessoriesonline/vendor/laravel/framework/src/Illuminate/Foundation/Http/Kernel.php(200): Illuminate/Routing/Router->dispatch(Object(Illuminate/Http/Request))
#19 D:/Very, Urgenly, Important/psaaccessoriesonline/vendor/laravel/framework/src/Illuminate/Pipeline/Pipeline.php(180): Illuminate/Foundation/Http/Kernel->Illuminate/Foundation/Http/{closure}(Object(Illuminate/Http/Request))
#20 D:/Very, Urgenly, Important/psaaccessoriesonline/vendor/laravel/framework/src/Illuminate/Foundation/Http/Middleware/TransformsRequest.php(21): Illuminate/Pipeline/Pipeline->Illuminate/Pipeline/{closure}(Object(Illuminate/Http/Request))
#21 D:/Very, Urgenly, Important/psaaccessoriesonline/vendor/laravel/framework/src/Illuminate/Foundation/Http/Middleware/ConvertEmptyStringsToNull.php(31): Illuminate/Foundation/Http/Middleware/TransformsRequest->handle(Object(Illuminate/Http/Request), Object(Closure))
#22 D:/Very, Urgenly, Important/psaaccessoriesonline/vendor/laravel/framework/src/Illuminate/Pipeline/Pipeline.php(219): Illuminate/Foundation/Http/Middleware/ConvertEmptyStringsToNull->handle(Object(Illuminate/Http/Request), Object(Closure))
#23 D:/Very, Urgenly, Important/psaaccessoriesonline/vendor/laravel/framework/src/Illuminate/Foundation/Http/Middleware/TransformsRequest.php(21): Illuminate/Pipeline/Pipeline->Illuminate/Pipeline/{closure}(Object(Illuminate/Http/Request))
#24 D:/Very, Urgenly, Important/psaaccessoriesonline/vendor/laravel/framework/src/Illuminate/Foundation/Http/Middleware/TrimStrings.php(51): Illuminate/Foundation/Http/Middleware/TransformsRequest->handle(Object(Illuminate/Http/Request), Object(Closure))
#25 D:/Very, Urgenly, Important/psaaccessoriesonline/vendor/laravel/framework/src/Illuminate/Pipeline/Pipeline.php(219): Illuminate/Foundation/Http/Middleware/TrimStrings->handle(Object(Illuminate/Http/Request), Object(Closure))
#26 D:/Very, Urgenly, Important/psaaccessoriesonline/vendor/laravel/framework/src/Illuminate/Http/Middleware/ValidatePostSize.php(27): Illuminate/Pipeline/Pipeline->Illuminate/Pipeline/{closure}(Object(Illuminate/Http/Request))
#27 D:/Very, Urgenly, Important/psaaccessoriesonline/vendor/laravel/framework/src/Illuminate/Pipeline/Pipeline.php(219): Illuminate/Http/Middleware/ValidatePostSize->handle(Object(Illuminate/Http/Request), Object(Closure))
#28 D:/Very, Urgenly, Important/psaaccessoriesonline/vendor/laravel/framework/src/Illuminate/Foundation/Http/Middleware/PreventRequestsDuringMaintenance.php(109): Illuminate/Pipeline/Pipeline->Illuminate/Pipeline/{closure}(Object(Illuminate/Http/Request))
#29 D:/Very, Urgenly, Important/psaaccessoriesonline/vendor/laravel/framework/src/Illuminate/Pipeline/Pipeline.php(219): Illuminate/Foundation/Http/Middleware/PreventRequestsDuringMaintenance->handle(Object(Illuminate/Http/Request), Object(Closure))
#30 D:/Very, Urgenly, Important/psaaccessoriesonline/vendor/laravel/framework/src/Illuminate/Http/Middleware/HandleCors.php(74): Illuminate/Pipeline/Pipeline->Illuminate/Pipeline/{closure}(Object(Illuminate/Http/Request))
#31 D:/Very, Urgenly, Important/psaaccessoriesonline/vendor/laravel/framework/src/Illuminate/Pipeline/Pipeline.php(219): Illuminate/Http/Middleware/HandleCors->handle(Object(Illuminate/Http/Request), Object(Closure))
#32 D:/Very, Urgenly, Important/psaaccessoriesonline/vendor/laravel/framework/src/Illuminate/Http/Middleware/TrustProxies.php(58): Illuminate/Pipeline/Pipeline->Illuminate/Pipeline/{closure}(Object(Illuminate/Http/Request))
#33 D:/Very, Urgenly, Important/psaaccessoriesonline/vendor/laravel/framework/src/Illuminate/Pipeline/Pipeline.php(219): Illuminate/Http/Middleware/TrustProxies->handle(Object(Illuminate/Http/Request), Object(Closure))
#34 D:/Very, Urgenly, Important/psaaccessoriesonline/vendor/laravel/framework/src/Illuminate/Foundation/Http/Middleware/InvokeDeferredCallbacks.php(22): Illuminate/Pipeline/Pipeline->Illuminate/Pipeline/{closure}(Object(Illuminate/Http/Request))
#35 D:/Very, Urgenly, Important/psaaccessoriesonline/vendor/laravel/framework/src/Illuminate/Pipeline/Pipeline.php(219): Illuminate/Foundation/Http/Middleware/InvokeDeferredCallbacks->handle(Object(Illuminate/Http/Request), Object(Closure))
#36 D:/Very, Urgenly, Important/psaaccessoriesonline/vendor/laravel/framework/src/Illuminate/Http/Middleware/ValidatePathEncoding.php(26): Illuminate/Pipeline/Pipeline->Illuminate/Pipeline/{closure}(Object(Illuminate/Http/Request))
#37 D:/Very, Urgenly, Important/psaaccessoriesonline/vendor/laravel/framework/src/Illuminate/Pipeline/Pipeline.php(219): Illuminate/Http/Middleware/ValidatePathEncoding->handle(Object(Illuminate/Http/Request), Object(Closure))
#38 D:/Very, Urgenly, Important/psaaccessoriesonline/vendor/laravel/framework/src/Illuminate/Pipeline/Pipeline.php(137): Illuminate/Pipeline/Pipeline->Illuminate/Pipeline/{closure}(Object(Illuminate/Http/Request))
#39 D:/Very, Urgenly, Important/psaaccessoriesonline/vendor/laravel/framework/src/Illuminate/Foundation/Http/Kernel.php(175): Illuminate/Pipeline/Pipeline->then(Object(Closure))
#40 D:/Very, Urgenly, Important/psaaccessoriesonline/vendor/laravel/framework/src/Illuminate/Foundation/Http/Kernel.php(144): Illuminate/Foundation/Http/Kernel->sendRequestThroughRouter(Object(Illuminate/Http/Request))
#41 D:/Very, Urgenly, Important/psaaccessoriesonline/vendor/laravel/framework/src/Illuminate/Foundation/Application.php(1220): Illuminate/Foundation/Http/Kernel->handle(Object(Illuminate/Http/Request))
#42 D:/Very, Urgenly, Important/psaaccessoriesonline/public/index.php(21): Illuminate/Foundation/Application->handleRequest(Object(Illuminate/Http/Request))
#43 D:/Very, Urgenly, Important/psaaccessoriesonline/vendor/laravel/framework/src/Illuminate/Foundation/resources/server.php(23): require_once('D://Very, Urgenl...')
#44 {main}
"} 
[2026-10-02 13:15:50] local.ERROR: file_put_contents(D:\Very, Urgenly, Important\psaaccessoriesonline\storage\framework/sessions/jr1mbyW8Wf86lhsJjn3uSsuo5YfZSpbwDzLLjQ3U): Failed to open stream: No such file or directory {"exception":"[object] (ErrorException(code: 0): file_put_contents(D:\\Very, Urgenly, Important\\psaaccessoriesonline\\storage\\framework/sessions/jr1mbyW8Wf86lhsJjn3uSsuo5YfZSpbwDzLLjQ3U): Failed to open stream: No such file or directory at D:/Very, Urgenly, Important/psaaccessoriesonline/vendor/laravel/framework/src/Illuminate/Filesystem/Filesystem.php:204)
[stacktrace]
#0 D:/Very, Urgenly, Important/psaaccessoriesonline/vendor/laravel/framework/src/Illuminate/Foundation/Bootstrap/HandleExceptions.php(262): Illuminate/Foundation/Bootstrap/HandleExceptions->handleError(2, 'file_put_conten...', 'D://Very, Urgenl...', 204)
#1 [internal function]: Illuminate/Foundation/Bootstrap/HandleExceptions->Illuminate/Foundation/Bootstrap/{closure}(2, 'file_put_conten...', 'D://Very, Urgenl...', 204)
#2 D:/Very, Urgenly, Important/psaaccessoriesonline/vendor/laravel/framework/src/Illuminate/Filesystem/Filesystem.php(204): file_put_contents('D://Very, Urgenl...', 'eyJpdiI6ImhWY2U...', 2)
#3 D:/Very, Urgenly, Important/psaaccessoriesonline/vendor/laravel/framework/src/Illuminate/Session/FileSessionHandler.php(89): Illuminate/Filesystem/Filesystem->put('D://Very, Urgenl...', 'eyJpdiI6ImhWY2U...', true)
#4 D:/Very, Urgenly, Important/psaaccessoriesonline/vendor/laravel/framework/src/Illuminate/Session/Store.php(187): Illuminate/Session/FileSessionHandler->write('jr1mbyW8Wf86lhs...', 'eyJpdiI6ImhWY2U...')
#5 D:/Very, Urgenly, Important/psaaccessoriesonline/vendor/laravel/framework/src/Illuminate/Session/Middleware/StartSession.php(248): Illuminate/Session/Store->save()
#6 D:/Very, Urgenly, Important/psaaccessoriesonline/vendor/laravel/framework/src/Illuminate/Session/Middleware/StartSession.php(129): Illuminate/Session/Middleware/StartSession->saveSession(Object(Illuminate/Http/Request))
#7 D:/Very, Urgenly, Important/psaaccessoriesonline/vendor/laravel/framework/src/Illuminate/Session/Middleware/StartSession.php(63): Illuminate/Session/Middleware/StartSession->handleStatefulRequest(Object(Illuminate/Http/Request), Object(Illuminate/Session/EncryptedStore), Object(Closure))
#8 D:/Very, Urgenly, Important/psaaccessoriesonline/vendor/laravel/framework/src/Illuminate/Pipeline/Pipeline.php(219): Illuminate/Session/Middleware/StartSession->handle(Object(Illuminate/Http/Request), Object(Closure))
#9 D:/Very, Urgenly, Important/psaaccessoriesonline/vendor/laravel/framework/src/Illuminate/Cookie/Middleware/AddQueuedCookiesToResponse.php(36): Illuminate/Pipeline/Pipeline->Illuminate/Pipeline/{closure}(Object(Illuminate/Http/Request))
#10 D:/Very, Urgenly, Important/psaaccessoriesonline/vendor/laravel/framework/src/Illuminate/Pipeline/Pipeline.php(219): Illuminate/Cookie/Middleware/AddQueuedCookiesToResponse->handle(Object(Illuminate/Http/Request), Object(Closure))
#11 D:/Very, Urgenly, Important/psaaccessoriesonline/vendor/laravel/framework/src/Illuminate/Cookie/Middleware/EncryptCookies.php(74): Illuminate/Pipeline/Pipeline->Illuminate/Pipeline/{closure}(Object(Illuminate/Http/Request))
#12 D:/Very, Urgenly, Important/psaaccessoriesonline/vendor/laravel/framework/src/Illuminate/Pipeline/Pipeline.php(219): Illuminate/Cookie/Middleware/EncryptCookies->handle(Object(Illuminate/Http/Request), Object(Closure))
#13 D:/Very, Urgenly, Important/psaaccessoriesonline/vendor/laravel/framework/src/Illuminate/Pipeline/Pipeline.php(137): Illuminate/Pipeline/Pipeline->Illuminate/Pipeline/{closure}(Object(Illuminate/Http/Request))
#14 D:/Very, Urgenly, Important/psaaccessoriesonline/vendor/laravel/framework/src/Illuminate/Routing/Router.php(821): Illuminate/Pipeline/Pipeline->then(Object(Closure))
#15 D:/Very, Urgenly, Important/psaaccessoriesonline/vendor/laravel/framework/src/Illuminate/Routing/Router.php(800): Illuminate/Routing/Router->runRouteWithinStack(Object(Illuminate/Routing/Route), Object(Illuminate/Http/Request))
#16 D:/Very, Urgenly, Important/psaaccessoriesonline/vendor/laravel/framework/src/Illuminate/Routing/Router.php(764): Illuminate/Routing/Router->runRoute(Object(Illuminate/Http/Request), Object(Illuminate/Routing/Route))
#17 D:/Very, Urgenly, Important/psaaccessoriesonline/vendor/laravel/framework/src/Illuminate/Routing/Router.php(753): Illuminate/Routing/Router->dispatchToRoute(Object(Illuminate/Http/Request))
#18 D:/Very, Urgenly, Important/psaaccessoriesonline/vendor/laravel/framework/src/Illuminate/Foundation/Http/Kernel.php(200): Illuminate/Routing/Router->dispatch(Object(Illuminate/Http/Request))
#19 D:/Very, Urgenly, Important/psaaccessoriesonline/vendor/laravel/framework/src/Illuminate/Pipeline/Pipeline.php(180): Illuminate/Foundation/Http/Kernel->Illuminate/Foundation/Http/{closure}(Object(Illuminate/Http/Request))
#20 D:/Very, Urgenly, Important/psaaccessoriesonline/vendor/laravel/framework/src/Illuminate/Foundation/Http/Middleware/TransformsRequest.php(21): Illuminate/Pipeline/Pipeline->Illuminate/Pipeline/{closure}(Object(Illuminate/Http/Request))
#21 D:/Very, Urgenly, Important/psaaccessoriesonline/vendor/laravel/framework/src/Illuminate/Foundation/Http/Middleware/ConvertEmptyStringsToNull.php(31): Illuminate/Foundation/Http/Middleware/TransformsRequest->handle(Object(Illuminate/Http/Request), Object(Closure))
#22 D:/Very, Urgenly, Important/psaaccessoriesonline/vendor/laravel/framework/src/Illuminate/Pipeline/Pipeline.php(219): Illuminate/Foundation/Http/Middleware/ConvertEmptyStringsToNull->handle(Object(Illuminate/Http/Request), Object(Closure))
#23 D:/Very, Urgenly, Important/psaaccessoriesonline/vendor/laravel/framework/src/Illuminate/Foundation/Http/Middleware/TransformsRequest.php(21): Illuminate/Pipeline/Pipeline->Illuminate/Pipeline/{closure}(Object(Illuminate/Http/Request))
#24 D:/Very, Urgenly, Important/psaaccessoriesonline/vendor/laravel/framework/src/Illuminate/Foundation/Http/Middleware/TrimStrings.php(51): Illuminate/Foundation/Http/Middleware/TransformsRequest->handle(Object(Illuminate/Http/Request), Object(Closure))
#25 D:/Very, Urgenly, Important/psaaccessoriesonline/vendor/laravel/framework/src/Illuminate/Pipeline/Pipeline.php(219): Illuminate/Foundation/Http/Middleware/TrimStrings->handle(Object(Illuminate/Http/Request), Object(Closure))
#26 D:/Very, Urgenly, Important/psaaccessoriesonline/vendor/laravel/framework/src/Illuminate/Http/Middleware/ValidatePostSize.php(27): Illuminate/Pipeline/Pipeline->Illuminate/Pipeline/{closure}(Object(Illuminate/Http/Request))
#27 D:/Very, Urgenly, Important/psaaccessoriesonline/vendor/laravel/framework/src/Illuminate/Pipeline/Pipeline.php(219): Illuminate/Http/Middleware/ValidatePostSize->handle(Object(Illuminate/Http/Request), Object(Closure))
#28 D:/Very, Urgenly, Important/psaaccessoriesonline/vendor/laravel/framework/src/Illuminate/Foundation/Http/Middleware/PreventRequestsDuringMaintenance.php(109): Illuminate/Pipeline/Pipeline->Illuminate/Pipeline/{closure}(Object(Illuminate/Http/Request))
#29 D:/Very, Urgenly, Important/psaaccessoriesonline/vendor/laravel/framework/src/Illuminate/Pipeline/Pipeline.php(219): Illuminate/Foundation/Http/Middleware/PreventRequestsDuringMaintenance->handle(Object(Illuminate/Http/Request), Object(Closure))
#30 D:/Very, Urgenly, Important/psaaccessoriesonline/vendor/laravel/framework/src/Illuminate/Http/Middleware/HandleCors.php(74): Illuminate/Pipeline/Pipeline->Illuminate/Pipeline/{closure}(Object(Illuminate/Http/Request))
#31 D:/Very, Urgenly, Important/psaaccessoriesonline/vendor/laravel/framework/src/Illuminate/Pipeline/Pipeline.php(219): Illuminate/Http/Middleware/HandleCors->handle(Object(Illuminate/Http/Request), Object(Closure))
#32 D:/Very, Urgenly, Important/psaaccessoriesonline/vendor/laravel/framework/src/Illuminate/Http/Middleware/TrustProxies.php(58): Illuminate/Pipeline/Pipeline->Illuminate/Pipeline/{closure}(Object(Illuminate/Http/Request))
#33 D:/Very, Urgenly, Important/psaaccessoriesonline/vendor/laravel/framework/src/Illuminate/Pipeline/Pipeline.php(219): Illuminate/Http/Middleware/TrustProxies->handle(Object(Illuminate/Http/Request), Object(Closure))
#34 D:/Very, Urgenly, Important/psaaccessoriesonline/vendor/laravel/framework/src/Illuminate/Foundation/Http/Middleware/InvokeDeferredCallbacks.php(22): Illuminate/Pipeline/Pipeline->Illuminate/Pipeline/{closure}(Object(Illuminate/Http/Request))
#35 D:/Very, Urgenly, Important/psaaccessoriesonline/vendor/laravel/framework/src/Illuminate/Pipeline/Pipeline.php(219): Illuminate/Foundation/Http/Middleware/InvokeDeferredCallbacks->handle(Object(Illuminate/Http/Request), Object(Closure))
#36 D:/Very, Urgenly, Important/psaaccessoriesonline/vendor/laravel/framework/src/Illuminate/Http/Middleware/ValidatePathEncoding.php(26): Illuminate/Pipeline/Pipeline->Illuminate/Pipeline/{closure}(Object(Illuminate/Http/Request))
#37 D:/Very, Urgenly, Important/psaaccessoriesonline/vendor/laravel/framework/src/Illuminate/Pipeline/Pipeline.php(219): Illuminate/Http/Middleware/ValidatePathEncoding->handle(Object(Illuminate/Http/Request), Object(Closure))
#38 D:/Very, Urgenly, Important/psaaccessoriesonline/vendor/laravel/framework/src/Illuminate/Pipeline/Pipeline.php(137): Illuminate/Pipeline/Pipeline->Illuminate/Pipeline/{closure}(Object(Illuminate/Http/Request))
#39 D:/Very, Urgenly, Important/psaaccessoriesonline/vendor/laravel/framework/src/Illuminate/Foundation/Http/Kernel.php(175): Illuminate/Pipeline/Pipeline->then(Object(Closure))
#40 D:/Very, Urgenly, Important/psaaccessoriesonline/vendor/laravel/framework/src/Illuminate/Foundation/Http/Kernel.php(144): Illuminate/Foundation/Http/Kernel->sendRequestThroughRouter(Object(Illuminate/Http/Request))
#41 D:/Very, Urgenly, Important/psaaccessoriesonline/vendor/laravel/framework/src/Illuminate/Foundation/Application.php(1220): Illuminate/Foundation/Http/Kernel->handle(Object(Illuminate/Http/Request))
#42 D:/Very, Urgenly, Important/psaaccessoriesonline/public/index.php(21): Illuminate/Foundation/Application->handleRequest(Object(Illuminate/Http/Request))
#43 D:/Very, Urgenly, Important/psaaccessoriesonline/vendor/laravel/framework/src/Illuminate/Foundation/resources/server.php(23): require_once('D://Very, Urgenl...')
#44 {main}
"} 
[2026-10-02 13:15:52] local.ERROR: file_put_contents(D:\Very, Urgenly, Important\psaaccessoriesonline\storage\framework/sessions/gtpNyONMRdevSHLSqcjvRGpZc4u82MGrYeb6h6yv): Failed to open stream: No such file or directory {"exception":"[object] (ErrorException(code: 0): file_put_contents(D:\\Very, Urgenly, Important\\psaaccessoriesonline\\storage\\framework/sessions/gtpNyONMRdevSHLSqcjvRGpZc4u82MGrYeb6h6yv): Failed to open stream: No such file or directory at D:/Very, Urgenly, Important/psaaccessoriesonline/vendor/laravel/framework/src/Illuminate/Filesystem/Filesystem.php:204)
[stacktrace]
#0 D:/Very, Urgenly, Important/psaaccessoriesonline/vendor/laravel/framework/src/Illuminate/Foundation/Bootstrap/HandleExceptions.php(262): Illuminate/Foundation/Bootstrap/HandleExceptions->handleError(2, 'file_put_conten...', 'D://Very, Urgenl...', 204)
#1 [internal function]: Illuminate/Foundation/Bootstrap/HandleExceptions->Illuminate/Foundation/Bootstrap/{closure}(2, 'file_put_conten...', 'D://Very, Urgenl...', 204)
#2 D:/Very, Urgenly, Important/psaaccessoriesonline/vendor/laravel/framework/src/Illuminate/Filesystem/Filesystem.php(204): file_put_contents('D://Very, Urgenl...', 'eyJpdiI6Ikl2ekl...', 2)
#3 D:/Very, Urgenly, Important/psaaccessoriesonline/vendor/laravel/framework/src/Illuminate/Session/FileSessionHandler.php(89): Illuminate/Filesystem/Filesystem->put('D://Very, Urgenl...', 'eyJpdiI6Ikl2ekl...', true)
#4 D:/Very, Urgenly, Important/psaaccessoriesonline/vendor/laravel/framework/src/Illuminate/Session/Store.php(187): Illuminate/Session/FileSessionHandler->write('gtpNyONMRdevSHL...', 'eyJpdiI6Ikl2ekl...')
#5 D:/Very, Urgenly, Important/psaaccessoriesonline/vendor/laravel/framework/src/Illuminate/Session/Middleware/StartSession.php(248): Illuminate/Session/Store->save()
#6 D:/Very, Urgenly, Important/psaaccessoriesonline/vendor/laravel/framework/src/Illuminate/Session/Middleware/StartSession.php(129): Illuminate/Session/Middleware/StartSession->saveSession(Object(Illuminate/Http/Request))
#7 D:/Very, Urgenly, Important/psaaccessoriesonline/vendor/laravel/framework/src/Illuminate/Session/Middleware/StartSession.php(63): Illuminate/Session/Middleware/StartSession->handleStatefulRequest(Object(Illuminate/Http/Request), Object(Illuminate/Session/EncryptedStore), Object(Closure))
#8 D:/Very, Urgenly, Important/psaaccessoriesonline/vendor/laravel/framework/src/Illuminate/Pipeline/Pipeline.php(219): Illuminate/Session/Middleware/StartSession->handle(Object(Illuminate/Http/Request), Object(Closure))
#9 D:/Very, Urgenly, Important/psaaccessoriesonline/vendor/laravel/framework/src/Illuminate/Cookie/Middleware/AddQueuedCookiesToResponse.php(36): Illuminate/Pipeline/Pipeline->Illuminate/Pipeline/{closure}(Object(Illuminate/Http/Request))
#10 D:/Very, Urgenly, Important/psaaccessoriesonline/vendor/laravel/framework/src/Illuminate/Pipeline/Pipeline.php(219): Illuminate/Cookie/Middleware/AddQueuedCookiesToResponse->handle(Object(Illuminate/Http/Request), Object(Closure))
#11 D:/Very, Urgenly, Important/psaaccessoriesonline/vendor/laravel/framework/src/Illuminate/Cookie/Middleware/EncryptCookies.php(74): Illuminate/Pipeline/Pipeline->Illuminate/Pipeline/{closure}(Object(Illuminate/Http/Request))
#12 D:/Very, Urgenly, Important/psaaccessoriesonline/vendor/laravel/framework/src/Illuminate/Pipeline/Pipeline.php(219): Illuminate/Cookie/Middleware/EncryptCookies->handle(Object(Illuminate/Http/Request), Object(Closure))
#13 D:/Very, Urgenly, Important/psaaccessoriesonline/vendor/laravel/framework/src/Illuminate/Pipeline/Pipeline.php(137): Illuminate/Pipeline/Pipeline->Illuminate/Pipeline/{closure}(Object(Illuminate/Http/Request))
#14 D:/Very, Urgenly, Important/psaaccessoriesonline/vendor/laravel/framework/src/Illuminate/Routing/Router.php(821): Illuminate/Pipeline/Pipeline->then(Object(Closure))
#15 D:/Very, Urgenly, Important/psaaccessoriesonline/vendor/laravel/framework/src/Illuminate/Routing/Router.php(800): Illuminate/Routing/Router->runRouteWithinStack(Object(Illuminate/Routing/Route), Object(Illuminate/Http/Request))
#16 D:/Very, Urgenly, Important/psaaccessoriesonline/vendor/laravel/framework/src/Illuminate/Routing/Router.php(764): Illuminate/Routing/Router->runRoute(Object(Illuminate/Http/Request), Object(Illuminate/Routing/Route))
#17 D:/Very, Urgenly, Important/psaaccessoriesonline/vendor/laravel/framework/src/Illuminate/Routing/Router.php(753): Illuminate/Routing/Router->dispatchToRoute(Object(Illuminate/Http/Request))
#18 D:/Very, Urgenly, Important/psaaccessoriesonline/vendor/laravel/framework/src/Illuminate/Foundation/Http/Kernel.php(200): Illuminate/Routing/Router->dispatch(Object(Illuminate/Http/Request))
#19 D:/Very, Urgenly, Important/psaaccessoriesonline/vendor/laravel/framework/src/Illuminate/Pipeline/Pipeline.php(180): Illuminate/Foundation/Http/Kernel->Illuminate/Foundation/Http/{closure}(Object(Illuminate/Http/Request))
#20 D:/Very, Urgenly, Important/psaaccessoriesonline/vendor/laravel/framework/src/Illuminate/Foundation/Http/Middleware/TransformsRequest.php(21): Illuminate/Pipeline/Pipeline->Illuminate/Pipeline/{closure}(Object(Illuminate/Http/Request))
#21 D:/Very, Urgenly, Important/psaaccessoriesonline/vendor/laravel/framework/src/Illuminate/Foundation/Http/Middleware/ConvertEmptyStringsToNull.php(31): Illuminate/Foundation/Http/Middleware/TransformsRequest->handle(Object(Illuminate/Http/Request), Object(Closure))
#22 D:/Very, Urgenly, Important/psaaccessoriesonline/vendor/laravel/framework/src/Illuminate/Pipeline/Pipeline.php(219): Illuminate/Foundation/Http/Middleware/ConvertEmptyStringsToNull->handle(Object(Illuminate/Http/Request), Object(Closure))
#23 D:/Very, Urgenly, Important/psaaccessoriesonline/vendor/laravel/framework/src/Illuminate/Foundation/Http/Middleware/TransformsRequest.php(21): Illuminate/Pipeline/Pipeline->Illuminate/Pipeline/{closure}(Object(Illuminate/Http/Request))
#24 D:/Very, Urgenly, Important/psaaccessoriesonline/vendor/laravel/framework/src/Illuminate/Foundation/Http/Middleware/TrimStrings.php(51): Illuminate/Foundation/Http/Middleware/TransformsRequest->handle(Object(Illuminate/Http/Request), Object(Closure))
#25 D:/Very, Urgenly, Important/psaaccessoriesonline/vendor/laravel/framework/src/Illuminate/Pipeline/Pipeline.php(219): Illuminate/Foundation/Http/Middleware/TrimStrings->handle(Object(Illuminate/Http/Request), Object(Closure))
#26 D:/Very, Urgenly, Important/psaaccessoriesonline/vendor/laravel/framework/src/Illuminate/Http/Middleware/ValidatePostSize.php(27): Illuminate/Pipeline/Pipeline->Illuminate/Pipeline/{closure}(Object(Illuminate/Http/Request))
#27 D:/Very, Urgenly, Important/psaaccessoriesonline/vendor/laravel/framework/src/Illuminate/Pipeline/Pipeline.php(219): Illuminate/Http/Middleware/ValidatePostSize->handle(Object(Illuminate/Http/Request), Object(Closure))
#28 D:/Very, Urgenly, Important/psaaccessoriesonline/vendor/laravel/framework/src/Illuminate/Foundation/Http/Middleware/PreventRequestsDuringMaintenance.php(109): Illuminate/Pipeline/Pipeline->Illuminate/Pipeline/{closure}(Object(Illuminate/Http/Request))
#29 D:/Very, Urgenly, Important/psaaccessoriesonline/vendor/laravel/framework/src/Illuminate/Pipeline/Pipeline.php(219): Illuminate/Foundation/Http/Middleware/PreventRequestsDuringMaintenance->handle(Object(Illuminate/Http/Request), Object(Closure))
#30 D:/Very, Urgenly, Important/psaaccessoriesonline/vendor/laravel/framework/src/Illuminate/Http/Middleware/HandleCors.php(74): Illuminate/Pipeline/Pipeline->Illuminate/Pipeline/{closure}(Object(Illuminate/Http/Request))
#31 D:/Very, Urgenly, Important/psaaccessoriesonline/vendor/laravel/framework/src/Illuminate/Pipeline/Pipeline.php(219): Illuminate/Http/Middleware/HandleCors->handle(Object(Illuminate/Http/Request), Object(Closure))
#32 D:/Very, Urgenly, Important/psaaccessoriesonline/vendor/laravel/framework/src/Illuminate/Http/Middleware/TrustProxies.php(58): Illuminate/Pipeline/Pipeline->Illuminate/Pipeline/{closure}(Object(Illuminate/Http/Request))
#33 D:/Very, Urgenly, Important/psaaccessoriesonline/vendor/laravel/framework/src/Illuminate/Pipeline/Pipeline.php(219): Illuminate/Http/Middleware/TrustProxies->handle(Object(Illuminate/Http/Request), Object(Closure))
#34 D:/Very, Urgenly, Important/psaaccessoriesonline/vendor/laravel/framework/src/Illuminate/Foundation/Http/Middleware/InvokeDeferredCallbacks.php(22): Illuminate/Pipeline/Pipeline->Illuminate/Pipeline/{closure}(Object(Illuminate/Http/Request))
#35 D:/Very, Urgenly, Important/psaaccessoriesonline/vendor/laravel/framework/src/Illuminate/Pipeline/Pipeline.php(219): Illuminate/Foundation/Http/Middleware/InvokeDeferredCallbacks->handle(Object(Illuminate/Http/Request), Object(Closure))
#36 D:/Very, Urgenly, Important/psaaccessoriesonline/vendor/laravel/framework/src/Illuminate/Http/Middleware/ValidatePathEncoding.php(26): Illuminate/Pipeline/Pipeline->Illuminate/Pipeline/{closure}(Object(Illuminate/Http/Request))
#37 D:/Very, Urgenly, Important/psaaccessoriesonline/vendor/laravel/framework/src/Illuminate/Pipeline/Pipeline.php(219): Illuminate/Http/Middleware/ValidatePathEncoding->handle(Object(Illuminate/Http/Request), Object(Closure))
#38 D:/Very, Urgenly, Important/psaaccessoriesonline/vendor/laravel/framework/src/Illuminate/Pipeline/Pipeline.php(137): Illuminate/Pipeline/Pipeline->Illuminate/Pipeline/{closure}(Object(Illuminate/Http/Request))
#39 D:/Very, Urgenly, Important/psaaccessoriesonline/vendor/laravel/framework/src/Illuminate/Foundation/Http/Kernel.php(175): Illuminate/Pipeline/Pipeline->then(Object(Closure))
#40 D:/Very, Urgenly, Important/psaaccessoriesonline/vendor/laravel/framework/src/Illuminate/Foundation/Http/Kernel.php(144): Illuminate/Foundation/Http/Kernel->sendRequestThroughRouter(Object(Illuminate/Http/Request))
#41 D:/Very, Urgenly, Important/psaaccessoriesonline/vendor/laravel/framework/src/Illuminate/Foundation/Application.php(1220): Illuminate/Foundation/Http/Kernel->handle(Object(Illuminate/Http/Request))
#42 D:/Very, Urgenly, Important/psaaccessoriesonline/public/index.php(21): Illuminate/Foundation/Application->handleRequest(Object(Illuminate/Http/Request))
#43 D:/Very, Urgenly, Important/psaaccessoriesonline/vendor/laravel/framework/src/Illuminate/Foundation/resources/server.php(23): require_once('D://Very, Urgenl...')
#44 {main}
"} 
[2026-10-02 13:15:53] local.ERROR: file_put_contents(D:\Very, Urgenly, Important\psaaccessoriesonline\storage\framework/sessions/ccnRPQmGOoJTULMNKfC8FZYO3f4zr9xI1qQshP81): Failed to open stream: No such file or directory {"exception":"[object] (ErrorException(code: 0): file_put_contents(D:\\Very, Urgenly, Important\\psaaccessoriesonline\\storage\\framework/sessions/ccnRPQmGOoJTULMNKfC8FZYO3f4zr9xI1qQshP81): Failed to open stream: No such file or directory at D:/Very, Urgenly, Important/psaaccessoriesonline/vendor/laravel/framework/src/Illuminate/Filesystem/Filesystem.php:204)
[stacktrace]
#0 D:/Very, Urgenly, Important/psaaccessoriesonline/vendor/laravel/framework/src/Illuminate/Foundation/Bootstrap/HandleExceptions.php(262): Illuminate/Foundation/Bootstrap/HandleExceptions->handleError(2, 'file_put_conten...', 'D://Very, Urgenl...', 204)
#1 [internal function]: Illuminate/Foundation/Bootstrap/HandleExceptions->Illuminate/Foundation/Bootstrap/{closure}(2, 'file_put_conten...', 'D://Very, Urgenl...', 204)
#2 D:/Very, Urgenly, Important/psaaccessoriesonline/vendor/laravel/framework/src/Illuminate/Filesystem/Filesystem.php(204): file_put_contents('D://Very, Urgenl...', 'eyJpdiI6IlZxdmJ...', 2)
#3 D:/Very, Urgenly, Important/psaaccessoriesonline/vendor/laravel/framework/src/Illuminate/Session/FileSessionHandler.php(89): Illuminate/Filesystem/Filesystem->put('D://Very, Urgenl...', 'eyJpdiI6IlZxdmJ...', true)
#4 D:/Very, Urgenly, Important/psaaccessoriesonline/vendor/laravel/framework/src/Illuminate/Session/Store.php(187): Illuminate/Session/FileSessionHandler->write('ccnRPQmGOoJTULM...', 'eyJpdiI6IlZxdmJ...')
#5 D:/Very, Urgenly, Important/psaaccessoriesonline/vendor/laravel/framework/src/Illuminate/Session/Middleware/StartSession.php(248): Illuminate/Session/Store->save()
#6 D:/Very, Urgenly, Important/psaaccessoriesonline/vendor/laravel/framework/src/Illuminate/Session/Middleware/StartSession.php(129): Illuminate/Session/Middleware/StartSession->saveSession(Object(Illuminate/Http/Request))
#7 D:/Very, Urgenly, Important/psaaccessoriesonline/vendor/laravel/framework/src/Illuminate/Session/Middleware/StartSession.php(63): Illuminate/Session/Middleware/StartSession->handleStatefulRequest(Object(Illuminate/Http/Request), Object(Illuminate/Session/EncryptedStore), Object(Closure))
#8 D:/Very, Urgenly, Important/psaaccessoriesonline/vendor/laravel/framework/src/Illuminate/Pipeline/Pipeline.php(219): Illuminate/Session/Middleware/StartSession->handle(Object(Illuminate/Http/Request), Object(Closure))
#9 D:/Very, Urgenly, Important/psaaccessoriesonline/vendor/laravel/framework/src/Illuminate/Cookie/Middleware/AddQueuedCookiesToResponse.php(36): Illuminate/Pipeline/Pipeline->Illuminate/Pipeline/{closure}(Object(Illuminate/Http/Request))
#10 D:/Very, Urgenly, Important/psaaccessoriesonline/vendor/laravel/framework/src/Illuminate/Pipeline/Pipeline.php(219): Illuminate/Cookie/Middleware/AddQueuedCookiesToResponse->handle(Object(Illuminate/Http/Request), Object(Closure))
#11 D:/Very, Urgenly, Important/psaaccessoriesonline/vendor/laravel/framework/src/Illuminate/Cookie/Middleware/EncryptCookies.php(74): Illuminate/Pipeline/Pipeline->Illuminate/Pipeline/{closure}(Object(Illuminate/Http/Request))
#12 D:/Very, Urgenly, Important/psaaccessoriesonline/vendor/laravel/framework/src/Illuminate/Pipeline/Pipeline.php(219): Illuminate/Cookie/Middleware/EncryptCookies->handle(Object(Illuminate/Http/Request), Object(Closure))
#13 D:/Very, Urgenly, Important/psaaccessoriesonline/vendor/laravel/framework/src/Illuminate/Pipeline/Pipeline.php(137): Illuminate/Pipeline/Pipeline->Illuminate/Pipeline/{closure}(Object(Illuminate/Http/Request))
#14 D:/Very, Urgenly, Important/psaaccessoriesonline/vendor/laravel/framework/src/Illuminate/Routing/Router.php(821): Illuminate/Pipeline/Pipeline->then(Object(Closure))
#15 D:/Very, Urgenly, Important/psaaccessoriesonline/vendor/laravel/framework/src/Illuminate/Routing/Router.php(800): Illuminate/Routing/Router->runRouteWithinStack(Object(Illuminate/Routing/Route), Object(Illuminate/Http/Request))
#16 D:/Very, Urgenly, Important/psaaccessoriesonline/vendor/laravel/framework/src/Illuminate/Routing/Router.php(764): Illuminate/Routing/Router->runRoute(Object(Illuminate/Http/Request), Object(Illuminate/Routing/Route))
#17 D:/Very, Urgenly, Important/psaaccessoriesonline/vendor/laravel/framework/src/Illuminate/Routing/Router.php(753): Illuminate/Routing/Router->dispatchToRoute(Object(Illuminate/Http/Request))
#18 D:/Very, Urgenly, Important/psaaccessoriesonline/vendor/laravel/framework/src/Illuminate/Foundation/Http/Kernel.php(200): Illuminate/Routing/Router->dispatch(Object(Illuminate/Http/Request))
#19 D:/Very, Urgenly, Important/psaaccessoriesonline/vendor/laravel/framework/src/Illuminate/Pipeline/Pipeline.php(180): Illuminate/Foundation/Http/Kernel->Illuminate/Foundation/Http/{closure}(Object(Illuminate/Http/Request))
#20 D:/Very, Urgenly, Important/psaaccessoriesonline/vendor/laravel/framework/src/Illuminate/Foundation/Http/Middleware/TransformsRequest.php(21): Illuminate/Pipeline/Pipeline->Illuminate/Pipeline/{closure}(Object(Illuminate/Http/Request))
#21 D:/Very, Urgenly, Important/psaaccessoriesonline/vendor/laravel/framework/src/Illuminate/Foundation/Http/Middleware/ConvertEmptyStringsToNull.php(31): Illuminate/Foundation/Http/Middleware/TransformsRequest->handle(Object(Illuminate/Http/Request), Object(Closure))
#22 D:/Very, Urgenly, Important/psaaccessoriesonline/vendor/laravel/framework/src/Illuminate/Pipeline/Pipeline.php(219): Illuminate/Foundation/Http/Middleware/ConvertEmptyStringsToNull->handle(Object(Illuminate/Http/Request), Object(Closure))
#23 D:/Very, Urgenly, Important/psaaccessoriesonline/vendor/laravel/framework/src/Illuminate/Foundation/Http/Middleware/TransformsRequest.php(21): Illuminate/Pipeline/Pipeline->Illuminate/Pipeline/{closure}(Object(Illuminate/Http/Request))
#24 D:/Very, Urgenly, Important/psaaccessoriesonline/vendor/laravel/framework/src/Illuminate/Foundation/Http/Middleware/TrimStrings.php(51): Illuminate/Foundation/Http/Middleware/TransformsRequest->handle(Object(Illuminate/Http/Request), Object(Closure))
#25 D:/Very, Urgenly, Important/psaaccessoriesonline/vendor/laravel/framework/src/Illuminate/Pipeline/Pipeline.php(219): Illuminate/Foundation/Http/Middleware/TrimStrings->handle(Object(Illuminate/Http/Request), Object(Closure))
#26 D:/Very, Urgenly, Important/psaaccessoriesonline/vendor/laravel/framework/src/Illuminate/Http/Middleware/ValidatePostSize.php(27): Illuminate/Pipeline/Pipeline->Illuminate/Pipeline/{closure}(Object(Illuminate/Http/Request))
#27 D:/Very, Urgenly, Important/psaaccessoriesonline/vendor/laravel/framework/src/Illuminate/Pipeline/Pipeline.php(219): Illuminate/Http/Middleware/ValidatePostSize->handle(Object(Illuminate/Http/Request), Object(Closure))
#28 D:/Very, Urgenly, Important/psaaccessoriesonline/vendor/laravel/framework/src/Illuminate/Foundation/Http/Middleware/PreventRequestsDuringMaintenance.php(109): Illuminate/Pipeline/Pipeline->Illuminate/Pipeline/{closure}(Object(Illuminate/Http/Request))
#29 D:/Very, Urgenly, Important/psaaccessoriesonline/vendor/laravel/framework/src/Illuminate/Pipeline/Pipeline.php(219): Illuminate/Foundation/Http/Middleware/PreventRequestsDuringMaintenance->handle(Object(Illuminate/Http/Request), Object(Closure))
#30 D:/Very, Urgenly, Important/psaaccessoriesonline/vendor/laravel/framework/src/Illuminate/Http/Middleware/HandleCors.php(74): Illuminate/Pipeline/Pipeline->Illuminate/Pipeline/{closure}(Object(Illuminate/Http/Request))
#31 D:/Very, Urgenly, Important/psaaccessoriesonline/vendor/laravel/framework/src/Illuminate/Pipeline/Pipeline.php(219): Illuminate/Http/Middleware/HandleCors->handle(Object(Illuminate/Http/Request), Object(Closure))
#32 D:/Very, Urgenly, Important/psaaccessoriesonline/vendor/laravel/framework/src/Illuminate/Http/Middleware/TrustProxies.php(58): Illuminate/Pipeline/Pipeline->Illuminate/Pipeline/{closure}(Object(Illuminate/Http/Request))
#33 D:/Very, Urgenly, Important/psaaccessoriesonline/vendor/laravel/framework/src/Illuminate/Pipeline/Pipeline.php(219): Illuminate/Http/Middleware/TrustProxies->handle(Object(Illuminate/Http/Request), Object(Closure))
#34 D:/Very, Urgenly, Important/psaaccessoriesonline/vendor/laravel/framework/src/Illuminate/Foundation/Http/Middleware/InvokeDeferredCallbacks.php(22): Illuminate/Pipeline/Pipeline->Illuminate/Pipeline/{closure}(Object(Illuminate/Http/Request))
#35 D:/Very, Urgenly, Important/psaaccessoriesonline/vendor/laravel/framework/src/Illuminate/Pipeline/Pipeline.php(219): Illuminate/Foundation/Http/Middleware/InvokeDeferredCallbacks->handle(Object(Illuminate/Http/Request), Object(Closure))
#36 D:/Very, Urgenly, Important/psaaccessoriesonline/vendor/laravel/framework/src/Illuminate/Http/Middleware/ValidatePathEncoding.php(26): Illuminate/Pipeline/Pipeline->Illuminate/Pipeline/{closure}(Object(Illuminate/Http/Request))
#37 D:/Very, Urgenly, Important/psaaccessoriesonline/vendor/laravel/framework/src/Illuminate/Pipeline/Pipeline.php(219): Illuminate/Http/Middleware/ValidatePathEncoding->handle(Object(Illuminate/Http/Request), Object(Closure))
#38 D:/Very, Urgenly, Important/psaaccessoriesonline/vendor/laravel/framework/src/Illuminate/Pipeline/Pipeline.php(137): Illuminate/Pipeline/Pipeline->Illuminate/Pipeline/{closure}(Object(Illuminate/Http/Request))
#39 D:/Very, Urgenly, Important/psaaccessoriesonline/vendor/laravel/framework/src/Illuminate/Foundation/Http/Kernel.php(175): Illuminate/Pipeline/Pipeline->then(Object(Closure))
#40 D:/Very, Urgenly, Important/psaaccessoriesonline/vendor/laravel/framework/src/Illuminate/Foundation/Http/Kernel.php(144): Illuminate/Foundation/Http/Kernel->sendRequestThroughRouter(Object(Illuminate/Http/Request))
#41 D:/Very, Urgenly, Important/psaaccessoriesonline/vendor/laravel/framework/src/Illuminate/Foundation/Application.php(1220): Illuminate/Foundation/Http/Kernel->handle(Object(Illuminate/Http/Request))
#42 D:/Very, Urgenly, Important/psaaccessoriesonline/public/index.php(21): Illuminate/Foundation/Application->handleRequest(Object(Illuminate/Http/Request))
#43 D:/Very, Urgenly, Important/psaaccessoriesonline/vendor/laravel/framework/src/Illuminate/Foundation/resources/server.php(23): require_once('D://Very, Urgenl...')
#44 {main}
"} 
[2026-10-02 13:15:54] local.ERROR: file_put_contents(D:\Very, Urgenly, Important\psaaccessoriesonline\storage\framework/sessions/ogAiFIs3uigxLzVwHLT1jM5Fkp3RV769eovLxd0P): Failed to open stream: No such file or directory {"exception":"[object] (ErrorException(code: 0): file_put_contents(D:\\Very, Urgenly, Important\\psaaccessoriesonline\\storage\\framework/sessions/ogAiFIs3uigxLzVwHLT1jM5Fkp3RV769eovLxd0P): Failed to open stream: No such file or directory at D:/Very, Urgenly, Important/psaaccessoriesonline/vendor/laravel/framework/src/Illuminate/Filesystem/Filesystem.php:204)
[stacktrace]
#0 D:/Very, Urgenly, Important/psaaccessoriesonline/vendor/laravel/framework/src/Illuminate/Foundation/Bootstrap/HandleExceptions.php(262): Illuminate/Foundation/Bootstrap/HandleExceptions->handleError(2, 'file_put_conten...', 'D://Very, Urgenl...', 204)
#1 [internal function]: Illuminate/Foundation/Bootstrap/HandleExceptions->Illuminate/Foundation/Bootstrap/{closure}(2, 'file_put_conten...', 'D://Very, Urgenl...', 204)
#2 D:/Very, Urgenly, Important/psaaccessoriesonline/vendor/laravel/framework/src/Illuminate/Filesystem/Filesystem.php(204): file_put_contents('D://Very, Urgenl...', 'eyJpdiI6IkY4d0J...', 2)
#3 D:/Very, Urgenly, Important/psaaccessoriesonline/vendor/laravel/framework/src/Illuminate/Session/FileSessionHandler.php(89): Illuminate/Filesystem/Filesystem->put('D://Very, Urgenl...', 'eyJpdiI6IkY4d0J...', true)
#4 D:/Very, Urgenly, Important/psaaccessoriesonline/vendor/laravel/framework/src/Illuminate/Session/Store.php(187): Illuminate/Session/FileSessionHandler->write('ogAiFIs3uigxLzV...', 'eyJpdiI6IkY4d0J...')
#5 D:/Very, Urgenly, Important/psaaccessoriesonline/vendor/laravel/framework/src/Illuminate/Session/Middleware/StartSession.php(248): Illuminate/Session/Store->save()
#6 D:/Very, Urgenly, Important/psaaccessoriesonline/vendor/laravel/framework/src/Illuminate/Session/Middleware/StartSession.php(129): Illuminate/Session/Middleware/StartSession->saveSession(Object(Illuminate/Http/Request))
#7 D:/Very, Urgenly, Important/psaaccessoriesonline/vendor/laravel/framework/src/Illuminate/Session/Middleware/StartSession.php(63): Illuminate/Session/Middleware/StartSession->handleStatefulRequest(Object(Illuminate/Http/Request), Object(Illuminate/Session/EncryptedStore), Object(Closure))
#8 D:/Very, Urgenly, Important/psaaccessoriesonline/vendor/laravel/framework/src/Illuminate/Pipeline/Pipeline.php(219): Illuminate/Session/Middleware/StartSession->handle(Object(Illuminate/Http/Request), Object(Closure))
#9 D:/Very, Urgenly, Important/psaaccessoriesonline/vendor/laravel/framework/src/Illuminate/Cookie/Middleware/AddQueuedCookiesToResponse.php(36): Illuminate/Pipeline/Pipeline->Illuminate/Pipeline/{closure}(Object(Illuminate/Http/Request))
#10 D:/Very, Urgenly, Important/psaaccessoriesonline/vendor/laravel/framework/src/Illuminate/Pipeline/Pipeline.php(219): Illuminate/Cookie/Middleware/AddQueuedCookiesToResponse->handle(Object(Illuminate/Http/Request), Object(Closure))
#11 D:/Very, Urgenly, Important/psaaccessoriesonline/vendor/laravel/framework/src/Illuminate/Cookie/Middleware/EncryptCookies.php(74): Illuminate/Pipeline/Pipeline->Illuminate/Pipeline/{closure}(Object(Illuminate/Http/Request))
#12 D:/Very, Urgenly, Important/psaaccessoriesonline/vendor/laravel/framework/src/Illuminate/Pipeline/Pipeline.php(219): Illuminate/Cookie/Middleware/EncryptCookies->handle(Object(Illuminate/Http/Request), Object(Closure))
#13 D:/Very, Urgenly, Important/psaaccessoriesonline/vendor/laravel/framework/src/Illuminate/Pipeline/Pipeline.php(137): Illuminate/Pipeline/Pipeline->Illuminate/Pipeline/{closure}(Object(Illuminate/Http/Request))
#14 D:/Very, Urgenly, Important/psaaccessoriesonline/vendor/laravel/framework/src/Illuminate/Routing/Router.php(821): Illuminate/Pipeline/Pipeline->then(Object(Closure))
#15 D:/Very, Urgenly, Important/psaaccessoriesonline/vendor/laravel/framework/src/Illuminate/Routing/Router.php(800): Illuminate/Routing/Router->runRouteWithinStack(Object(Illuminate/Routing/Route), Object(Illuminate/Http/Request))
#16 D:/Very, Urgenly, Important/psaaccessoriesonline/vendor/laravel/framework/src/Illuminate/Routing/Router.php(764): Illuminate/Routing/Router->runRoute(Object(Illuminate/Http/Request), Object(Illuminate/Routing/Route))
#17 D:/Very, Urgenly, Important/psaaccessoriesonline/vendor/laravel/framework/src/Illuminate/Routing/Router.php(753): Illuminate/Routing/Router->dispatchToRoute(Object(Illuminate/Http/Request))
#18 D:/Very, Urgenly, Important/psaaccessoriesonline/vendor/laravel/framework/src/Illuminate/Foundation/Http/Kernel.php(200): Illuminate/Routing/Router->dispatch(Object(Illuminate/Http/Request))
#19 D:/Very, Urgenly, Important/psaaccessoriesonline/vendor/laravel/framework/src/Illuminate/Pipeline/Pipeline.php(180): Illuminate/Foundation/Http/Kernel->Illuminate/Foundation/Http/{closure}(Object(Illuminate/Http/Request))
#20 D:/Very, Urgenly, Important/psaaccessoriesonline/vendor/laravel/framework/src/Illuminate/Foundation/Http/Middleware/TransformsRequest.php(21): Illuminate/Pipeline/Pipeline->Illuminate/Pipeline/{closure}(Object(Illuminate/Http/Request))
#21 D:/Very, Urgenly, Important/psaaccessoriesonline/vendor/laravel/framework/src/Illuminate/Foundation/Http/Middleware/ConvertEmptyStringsToNull.php(31): Illuminate/Foundation/Http/Middleware/TransformsRequest->handle(Object(Illuminate/Http/Request), Object(Closure))
#22 D:/Very, Urgenly, Important/psaaccessoriesonline/vendor/laravel/framework/src/Illuminate/Pipeline/Pipeline.php(219): Illuminate/Foundation/Http/Middleware/ConvertEmptyStringsToNull->handle(Object(Illuminate/Http/Request), Object(Closure))
#23 D:/Very, Urgenly, Important/psaaccessoriesonline/vendor/laravel/framework/src/Illuminate/Foundation/Http/Middleware/TransformsRequest.php(21): Illuminate/Pipeline/Pipeline->Illuminate/Pipeline/{closure}(Object(Illuminate/Http/Request))
#24 D:/Very, Urgenly, Important/psaaccessoriesonline/vendor/laravel/framework/src/Illuminate/Foundation/Http/Middleware/TrimStrings.php(51): Illuminate/Foundation/Http/Middleware/TransformsRequest->handle(Object(Illuminate/Http/Request), Object(Closure))
#25 D:/Very, Urgenly, Important/psaaccessoriesonline/vendor/laravel/framework/src/Illuminate/Pipeline/Pipeline.php(219): Illuminate/Foundation/Http/Middleware/TrimStrings->handle(Object(Illuminate/Http/Request), Object(Closure))
#26 D:/Very, Urgenly, Important/psaaccessoriesonline/vendor/laravel/framework/src/Illuminate/Http/Middleware/ValidatePostSize.php(27): Illuminate/Pipeline/Pipeline->Illuminate/Pipeline/{closure}(Object(Illuminate/Http/Request))
#27 D:/Very, Urgenly, Important/psaaccessoriesonline/vendor/laravel/framework/src/Illuminate/Pipeline/Pipeline.php(219): Illuminate/Http/Middleware/ValidatePostSize->handle(Object(Illuminate/Http/Request), Object(Closure))
#28 D:/Very, Urgenly, Important/psaaccessoriesonline/vendor/laravel/framework/src/Illuminate/Foundation/Http/Middleware/PreventRequestsDuringMaintenance.php(109): Illuminate/Pipeline/Pipeline->Illuminate/Pipeline/{closure}(Object(Illuminate/Http/Request))
#29 D:/Very, Urgenly, Important/psaaccessoriesonline/vendor/laravel/framework/src/Illuminate/Pipeline/Pipeline.php(219): Illuminate/Foundation/Http/Middleware/PreventRequestsDuringMaintenance->handle(Object(Illuminate/Http/Request), Object(Closure))
#30 D:/Very, Urgenly, Important/psaaccessoriesonline/vendor/laravel/framework/src/Illuminate/Http/Middleware/HandleCors.php(74): Illuminate/Pipeline/Pipeline->Illuminate/Pipeline/{closure}(Object(Illuminate/Http/Request))
#31 D:/Very, Urgenly, Important/psaaccessoriesonline/vendor/laravel/framework/src/Illuminate/Pipeline/Pipeline.php(219): Illuminate/Http/Middleware/HandleCors->handle(Object(Illuminate/Http/Request), Object(Closure))
#32 D:/Very, Urgenly, Important/psaaccessoriesonline/vendor/laravel/framework/src/Illuminate/Http/Middleware/TrustProxies.php(58): Illuminate/Pipeline/Pipeline->Illuminate/Pipeline/{closure}(Object(Illuminate/Http/Request))
#33 D:/Very, Urgenly, Important/psaaccessoriesonline/vendor/laravel/framework/src/Illuminate/Pipeline/Pipeline.php(219): Illuminate/Http/Middleware/TrustProxies->handle(Object(Illuminate/Http/Request), Object(Closure))
#34 D:/Very, Urgenly, Important/psaaccessoriesonline/vendor/laravel/framework/src/Illuminate/Foundation/Http/Middleware/InvokeDeferredCallbacks.php(22): Illuminate/Pipeline/Pipeline->Illuminate/Pipeline/{closure}(Object(Illuminate/Http/Request))
#35 D:/Very, Urgenly, Important/psaaccessoriesonline/vendor/laravel/framework/src/Illuminate/Pipeline/Pipeline.php(219): Illuminate/Foundation/Http/Middleware/InvokeDeferredCallbacks->handle(Object(Illuminate/Http/Request), Object(Closure))
#36 D:/Very, Urgenly, Important/psaaccessoriesonline/vendor/laravel/framework/src/Illuminate/Http/Middleware/ValidatePathEncoding.php(26): Illuminate/Pipeline/Pipeline->Illuminate/Pipeline/{closure}(Object(Illuminate/Http/Request))
#37 D:/Very, Urgenly, Important/psaaccessoriesonline/vendor/laravel/framework/src/Illuminate/Pipeline/Pipeline.php(219): Illuminate/Http/Middleware/ValidatePathEncoding->handle(Object(Illuminate/Http/Request), Object(Closure))
#38 D:/Very, Urgenly, Important/psaaccessoriesonline/vendor/laravel/framework/src/Illuminate/Pipeline/Pipeline.php(137): Illuminate/Pipeline/Pipeline->Illuminate/Pipeline/{closure}(Object(Illuminate/Http/Request))
#39 D:/Very, Urgenly, Important/psaaccessoriesonline/vendor/laravel/framework/src/Illuminate/Foundation/Http/Kernel.php(175): Illuminate/Pipeline/Pipeline->then(Object(Closure))
#40 D:/Very, Urgenly, Important/psaaccessoriesonline/vendor/laravel/framework/src/Illuminate/Foundation/Http/Kernel.php(144): Illuminate/Foundation/Http/Kernel->sendRequestThroughRouter(Object(Illuminate/Http/Request))
#41 D:/Very, Urgenly, Important/psaaccessoriesonline/vendor/laravel/framework/src/Illuminate/Foundation/Application.php(1220): Illuminate/Foundation/Http/Kernel->handle(Object(Illuminate/Http/Request))
#42 D:/Very, Urgenly, Important/psaaccessoriesonline/public/index.php(21): Illuminate/Foundation/Application->handleRequest(Object(Illuminate/Http/Request))
#43 D:/Very, Urgenly, Important/psaaccessoriesonline/vendor/laravel/framework/src/Illuminate/Foundation/resources/server.php(23): require_once('D://Very, Urgenl...')
#44 {main}
"} 
[2026-10-02 13:15:54] local.ERROR: file_put_contents(D:\Very, Urgenly, Important\psaaccessoriesonline\storage\framework/sessions/hz0Bpytjn853WchsW0SGf63DvrGsRoHSVZV3yPn4): Failed to open stream: No such file or directory {"exception":"[object] (ErrorException(code: 0): file_put_contents(D:\\Very, Urgenly, Important\\psaaccessoriesonline\\storage\\framework/sessions/hz0Bpytjn853WchsW0SGf63DvrGsRoHSVZV3yPn4): Failed to open stream: No such file or directory at D:/Very, Urgenly, Important/psaaccessoriesonline/vendor/laravel/framework/src/Illuminate/Filesystem/Filesystem.php:204)
[stacktrace]
#0 D:/Very, Urgenly, Important/psaaccessoriesonline/vendor/laravel/framework/src/Illuminate/Foundation/Bootstrap/HandleExceptions.php(262): Illuminate/Foundation/Bootstrap/HandleExceptions->handleError(2, 'file_put_conten...', 'D://Very, Urgenl...', 204)
#1 [internal function]: Illuminate/Foundation/Bootstrap/HandleExceptions->Illuminate/Foundation/Bootstrap/{closure}(2, 'file_put_conten...', 'D://Very, Urgenl...', 204)
#2 D:/Very, Urgenly, Important/psaaccessoriesonline/vendor/laravel/framework/src/Illuminate/Filesystem/Filesystem.php(204): file_put_contents('D://Very, Urgenl...', 'eyJpdiI6IlhNMWh...', 2)
#3 D:/Very, Urgenly, Important/psaaccessoriesonline/vendor/laravel/framework/src/Illuminate/Session/FileSessionHandler.php(89): Illuminate/Filesystem/Filesystem->put('D://Very, Urgenl...', 'eyJpdiI6IlhNMWh...', true)
#4 D:/Very, Urgenly, Important/psaaccessoriesonline/vendor/laravel/framework/src/Illuminate/Session/Store.php(187): Illuminate/Session/FileSessionHandler->write('hz0Bpytjn853Wch...', 'eyJpdiI6IlhNMWh...')
#5 D:/Very, Urgenly, Important/psaaccessoriesonline/vendor/laravel/framework/src/Illuminate/Session/Middleware/StartSession.php(248): Illuminate/Session/Store->save()
#6 D:/Very, Urgenly, Important/psaaccessoriesonline/vendor/laravel/framework/src/Illuminate/Session/Middleware/StartSession.php(129): Illuminate/Session/Middleware/StartSession->saveSession(Object(Illuminate/Http/Request))
#7 D:/Very, Urgenly, Important/psaaccessoriesonline/vendor/laravel/framework/src/Illuminate/Session/Middleware/StartSession.php(63): Illuminate/Session/Middleware/StartSession->handleStatefulRequest(Object(Illuminate/Http/Request), Object(Illuminate/Session/EncryptedStore), Object(Closure))
#8 D:/Very, Urgenly, Important/psaaccessoriesonline/vendor/laravel/framework/src/Illuminate/Pipeline/Pipeline.php(219): Illuminate/Session/Middleware/StartSession->handle(Object(Illuminate/Http/Request), Object(Closure))
#9 D:/Very, Urgenly, Important/psaaccessoriesonline/vendor/laravel/framework/src/Illuminate/Cookie/Middleware/AddQueuedCookiesToResponse.php(36): Illuminate/Pipeline/Pipeline->Illuminate/Pipeline/{closure}(Object(Illuminate/Http/Request))
#10 D:/Very, Urgenly, Important/psaaccessoriesonline/vendor/laravel/framework/src/Illuminate/Pipeline/Pipeline.php(219): Illuminate/Cookie/Middleware/AddQueuedCookiesToResponse->handle(Object(Illuminate/Http/Request), Object(Closure))
#11 D:/Very, Urgenly, Important/psaaccessoriesonline/vendor/laravel/framework/src/Illuminate/Cookie/Middleware/EncryptCookies.php(74): Illuminate/Pipeline/Pipeline->Illuminate/Pipeline/{closure}(Object(Illuminate/Http/Request))
#12 D:/Very, Urgenly, Important/psaaccessoriesonline/vendor/laravel/framework/src/Illuminate/Pipeline/Pipeline.php(219): Illuminate/Cookie/Middleware/EncryptCookies->handle(Object(Illuminate/Http/Request), Object(Closure))
#13 D:/Very, Urgenly, Important/psaaccessoriesonline/vendor/laravel/framework/src/Illuminate/Pipeline/Pipeline.php(137): Illuminate/Pipeline/Pipeline->Illuminate/Pipeline/{closure}(Object(Illuminate/Http/Request))
#14 D:/Very, Urgenly, Important/psaaccessoriesonline/vendor/laravel/framework/src/Illuminate/Routing/Router.php(821): Illuminate/Pipeline/Pipeline->then(Object(Closure))
#15 D:/Very, Urgenly, Important/psaaccessoriesonline/vendor/laravel/framework/src/Illuminate/Routing/Router.php(800): Illuminate/Routing/Router->runRouteWithinStack(Object(Illuminate/Routing/Route), Object(Illuminate/Http/Request))
#16 D:/Very, Urgenly, Important/psaaccessoriesonline/vendor/laravel/framework/src/Illuminate/Routing/Router.php(764): Illuminate/Routing/Router->runRoute(Object(Illuminate/Http/Request), Object(Illuminate/Routing/Route))
#17 D:/Very, Urgenly, Important/psaaccessoriesonline/vendor/laravel/framework/src/Illuminate/Routing/Router.php(753): Illuminate/Routing/Router->dispatchToRoute(Object(Illuminate/Http/Request))
#18 D:/Very, Urgenly, Important/psaaccessoriesonline/vendor/laravel/framework/src/Illuminate/Foundation/Http/Kernel.php(200): Illuminate/Routing/Router->dispatch(Object(Illuminate/Http/Request))
#19 D:/Very, Urgenly, Important/psaaccessoriesonline/vendor/laravel/framework/src/Illuminate/Pipeline/Pipeline.php(180): Illuminate/Foundation/Http/Kernel->Illuminate/Foundation/Http/{closure}(Object(Illuminate/Http/Request))
#20 D:/Very, Urgenly, Important/psaaccessoriesonline/vendor/laravel/framework/src/Illuminate/Foundation/Http/Middleware/TransformsRequest.php(21): Illuminate/Pipeline/Pipeline->Illuminate/Pipeline/{closure}(Object(Illuminate/Http/Request))
#21 D:/Very, Urgenly, Important/psaaccessoriesonline/vendor/laravel/framework/src/Illuminate/Foundation/Http/Middleware/ConvertEmptyStringsToNull.php(31): Illuminate/Foundation/Http/Middleware/TransformsRequest->handle(Object(Illuminate/Http/Request), Object(Closure))
#22 D:/Very, Urgenly, Important/psaaccessoriesonline/vendor/laravel/framework/src/Illuminate/Pipeline/Pipeline.php(219): Illuminate/Foundation/Http/Middleware/ConvertEmptyStringsToNull->handle(Object(Illuminate/Http/Request), Object(Closure))
#23 D:/Very, Urgenly, Important/psaaccessoriesonline/vendor/laravel/framework/src/Illuminate/Foundation/Http/Middleware/TransformsRequest.php(21): Illuminate/Pipeline/Pipeline->Illuminate/Pipeline/{closure}(Object(Illuminate/Http/Request))
#24 D:/Very, Urgenly, Important/psaaccessoriesonline/vendor/laravel/framework/src/Illuminate/Foundation/Http/Middleware/TrimStrings.php(51): Illuminate/Foundation/Http/Middleware/TransformsRequest->handle(Object(Illuminate/Http/Request), Object(Closure))
#25 D:/Very, Urgenly, Important/psaaccessoriesonline/vendor/laravel/framework/src/Illuminate/Pipeline/Pipeline.php(219): Illuminate/Foundation/Http/Middleware/TrimStrings->handle(Object(Illuminate/Http/Request), Object(Closure))
#26 D:/Very, Urgenly, Important/psaaccessoriesonline/vendor/laravel/framework/src/Illuminate/Http/Middleware/ValidatePostSize.php(27): Illuminate/Pipeline/Pipeline->Illuminate/Pipeline/{closure}(Object(Illuminate/Http/Request))
#27 D:/Very, Urgenly, Important/psaaccessoriesonline/vendor/laravel/framework/src/Illuminate/Pipeline/Pipeline.php(219): Illuminate/Http/Middleware/ValidatePostSize->handle(Object(Illuminate/Http/Request), Object(Closure))
#28 D:/Very, Urgenly, Important/psaaccessoriesonline/vendor/laravel/framework/src/Illuminate/Foundation/Http/Middleware/PreventRequestsDuringMaintenance.php(109): Illuminate/Pipeline/Pipeline->Illuminate/Pipeline/{closure}(Object(Illuminate/Http/Request))
#29 D:/Very, Urgenly, Important/psaaccessoriesonline/vendor/laravel/framework/src/Illuminate/Pipeline/Pipeline.php(219): Illuminate/Foundation/Http/Middleware/PreventRequestsDuringMaintenance->handle(Object(Illuminate/Http/Request), Object(Closure))
#30 D:/Very, Urgenly, Important/psaaccessoriesonline/vendor/laravel/framework/src/Illuminate/Http/Middleware/HandleCors.php(74): Illuminate/Pipeline/Pipeline->Illuminate/Pipeline/{closure}(Object(Illuminate/Http/Request))
#31 D:/Very, Urgenly, Important/psaaccessoriesonline/vendor/laravel/framework/src/Illuminate/Pipeline/Pipeline.php(219): Illuminate/Http/Middleware/HandleCors->handle(Object(Illuminate/Http/Request), Object(Closure))
#32 D:/Very, Urgenly, Important/psaaccessoriesonline/vendor/laravel/framework/src/Illuminate/Http/Middleware/TrustProxies.php(58): Illuminate/Pipeline/Pipeline->Illuminate/Pipeline/{closure}(Object(Illuminate/Http/Request))
#33 D:/Very, Urgenly, Important/psaaccessoriesonline/vendor/laravel/framework/src/Illuminate/Pipeline/Pipeline.php(219): Illuminate/Http/Middleware/TrustProxies->handle(Object(Illuminate/Http/Request), Object(Closure))
#34 D:/Very, Urgenly, Important/psaaccessoriesonline/vendor/laravel/framework/src/Illuminate/Foundation/Http/Middleware/InvokeDeferredCallbacks.php(22): Illuminate/Pipeline/Pipeline->Illuminate/Pipeline/{closure}(Object(Illuminate/Http/Request))
#35 D:/Very, Urgenly, Important/psaaccessoriesonline/vendor/laravel/framework/src/Illuminate/Pipeline/Pipeline.php(219): Illuminate/Foundation/Http/Middleware/InvokeDeferredCallbacks->handle(Object(Illuminate/Http/Request), Object(Closure))
#36 D:/Very, Urgenly, Important/psaaccessoriesonline/vendor/laravel/framework/src/Illuminate/Http/Middleware/ValidatePathEncoding.php(26): Illuminate/Pipeline/Pipeline->Illuminate/Pipeline/{closure}(Object(Illuminate/Http/Request))
#37 D:/Very, Urgenly, Important/psaaccessoriesonline/vendor/laravel/framework/src/Illuminate/Pipeline/Pipeline.php(219): Illuminate/Http/Middleware/ValidatePathEncoding->handle(Object(Illuminate/Http/Request), Object(Closure))
#38 D:/Very, Urgenly, Important/psaaccessoriesonline/vendor/laravel/framework/src/Illuminate/Pipeline/Pipeline.php(137): Illuminate/Pipeline/Pipeline->Illuminate/Pipeline/{closure}(Object(Illuminate/Http/Request))
#39 D:/Very, Urgenly, Important/psaaccessoriesonline/vendor/laravel/framework/src/Illuminate/Foundation/Http/Kernel.php(175): Illuminate/Pipeline/Pipeline->then(Object(Closure))
#40 D:/Very, Urgenly, Important/psaaccessoriesonline/vendor/laravel/framework/src/Illuminate/Foundation/Http/Kernel.php(144): Illuminate/Foundation/Http/Kernel->sendRequestThroughRouter(Object(Illuminate/Http/Request))
#41 D:/Very, Urgenly, Important/psaaccessoriesonline/vendor/laravel/framework/src/Illuminate/Foundation/Application.php(1220): Illuminate/Foundation/Http/Kernel->handle(Object(Illuminate/Http/Request))
#42 D:/Very, Urgenly, Important/psaaccessoriesonline/public/index.php(21): Illuminate/Foundation/Application->handleRequest(Object(Illuminate/Http/Request))
#43 D:/Very, Urgenly, Important/psaaccessoriesonline/vendor/laravel/framework/src/Illuminate/Foundation/resources/server.php(23): require_once('D://Very, Urgenl...')
#44 {main}
"} 
[2026-10-02 13:15:56] local.ERROR: file_put_contents(D:\Very, Urgenly, Important\psaaccessoriesonline\storage\framework/sessions/olODJLNFJRwZLyfwP8k0oYf77gpFHgETjEfFqfaM): Failed to open stream: No such file or directory {"exception":"[object] (ErrorException(code: 0): file_put_contents(D:\\Very, Urgenly, Important\\psaaccessoriesonline\\storage\\framework/sessions/olODJLNFJRwZLyfwP8k0oYf77gpFHgETjEfFqfaM): Failed to open stream: No such file or directory at D:/Very, Urgenly, Important/psaaccessoriesonline/vendor/laravel/framework/src/Illuminate/Filesystem/Filesystem.php:204)
[stacktrace]
#0 D:/Very, Urgenly, Important/psaaccessoriesonline/vendor/laravel/framework/src/Illuminate/Foundation/Bootstrap/HandleExceptions.php(262): Illuminate/Foundation/Bootstrap/HandleExceptions->handleError(2, 'file_put_conten...', 'D://Very, Urgenl...', 204)
#1 [internal function]: Illuminate/Foundation/Bootstrap/HandleExceptions->Illuminate/Foundation/Bootstrap/{closure}(2, 'file_put_conten...', 'D://Very, Urgenl...', 204)
#2 D:/Very, Urgenly, Important/psaaccessoriesonline/vendor/laravel/framework/src/Illuminate/Filesystem/Filesystem.php(204): file_put_contents('D://Very, Urgenl...', 'eyJpdiI6IlMzUXF...', 2)
#3 D:/Very, Urgenly, Important/psaaccessoriesonline/vendor/laravel/framework/src/Illuminate/Session/FileSessionHandler.php(89): Illuminate/Filesystem/Filesystem->put('D://Very, Urgenl...', 'eyJpdiI6IlMzUXF...', true)
#4 D:/Very, Urgenly, Important/psaaccessoriesonline/vendor/laravel/framework/src/Illuminate/Session/Store.php(187): Illuminate/Session/FileSessionHandler->write('olODJLNFJRwZLyf...', 'eyJpdiI6IlMzUXF...')
#5 D:/Very, Urgenly, Important/psaaccessoriesonline/vendor/laravel/framework/src/Illuminate/Session/Middleware/StartSession.php(248): Illuminate/Session/Store->save()
#6 D:/Very, Urgenly, Important/psaaccessoriesonline/vendor/laravel/framework/src/Illuminate/Session/Middleware/StartSession.php(129): Illuminate/Session/Middleware/StartSession->saveSession(Object(Illuminate/Http/Request))
#7 D:/Very, Urgenly, Important/psaaccessoriesonline/vendor/laravel/framework/src/Illuminate/Session/Middleware/StartSession.php(63): Illuminate/Session/Middleware/StartSession->handleStatefulRequest(Object(Illuminate/Http/Request), Object(Illuminate/Session/EncryptedStore), Object(Closure))
#8 D:/Very, Urgenly, Important/psaaccessoriesonline/vendor/laravel/framework/src/Illuminate/Pipeline/Pipeline.php(219): Illuminate/Session/Middleware/StartSession->handle(Object(Illuminate/Http/Request), Object(Closure))
#9 D:/Very, Urgenly, Important/psaaccessoriesonline/vendor/laravel/framework/src/Illuminate/Cookie/Middleware/AddQueuedCookiesToResponse.php(36): Illuminate/Pipeline/Pipeline->Illuminate/Pipeline/{closure}(Object(Illuminate/Http/Request))
#10 D:/Very, Urgenly, Important/psaaccessoriesonline/vendor/laravel/framework/src/Illuminate/Pipeline/Pipeline.php(219): Illuminate/Cookie/Middleware/AddQueuedCookiesToResponse->handle(Object(Illuminate/Http/Request), Object(Closure))
#11 D:/Very, Urgenly, Important/psaaccessoriesonline/vendor/laravel/framework/src/Illuminate/Cookie/Middleware/EncryptCookies.php(74): Illuminate/Pipeline/Pipeline->Illuminate/Pipeline/{closure}(Object(Illuminate/Http/Request))
#12 D:/Very, Urgenly, Important/psaaccessoriesonline/vendor/laravel/framework/src/Illuminate/Pipeline/Pipeline.php(219): Illuminate/Cookie/Middleware/EncryptCookies->handle(Object(Illuminate/Http/Request), Object(Closure))
#13 D:/Very, Urgenly, Important/psaaccessoriesonline/vendor/laravel/framework/src/Illuminate/Pipeline/Pipeline.php(137): Illuminate/Pipeline/Pipeline->Illuminate/Pipeline/{closure}(Object(Illuminate/Http/Request))
#14 D:/Very, Urgenly, Important/psaaccessoriesonline/vendor/laravel/framework/src/Illuminate/Routing/Router.php(821): Illuminate/Pipeline/Pipeline->then(Object(Closure))
#15 D:/Very, Urgenly, Important/psaaccessoriesonline/vendor/laravel/framework/src/Illuminate/Routing/Router.php(800): Illuminate/Routing/Router->runRouteWithinStack(Object(Illuminate/Routing/Route), Object(Illuminate/Http/Request))
#16 D:/Very, Urgenly, Important/psaaccessoriesonline/vendor/laravel/framework/src/Illuminate/Routing/Router.php(764): Illuminate/Routing/Router->runRoute(Object(Illuminate/Http/Request), Object(Illuminate/Routing/Route))
#17 D:/Very, Urgenly, Important/psaaccessoriesonline/vendor/laravel/framework/src/Illuminate/Routing/Router.php(753): Illuminate/Routing/Router->dispatchToRoute(Object(Illuminate/Http/Request))
#18 D:/Very, Urgenly, Important/psaaccessoriesonline/vendor/laravel/framework/src/Illuminate/Foundation/Http/Kernel.php(200): Illuminate/Routing/Router->dispatch(Object(Illuminate/Http/Request))
#19 D:/Very, Urgenly, Important/psaaccessoriesonline/vendor/laravel/framework/src/Illuminate/Pipeline/Pipeline.php(180): Illuminate/Foundation/Http/Kernel->Illuminate/Foundation/Http/{closure}(Object(Illuminate/Http/Request))
#20 D:/Very, Urgenly, Important/psaaccessoriesonline/vendor/laravel/framework/src/Illuminate/Foundation/Http/Middleware/TransformsRequest.php(21): Illuminate/Pipeline/Pipeline->Illuminate/Pipeline/{closure}(Object(Illuminate/Http/Request))
#21 D:/Very, Urgenly, Important/psaaccessoriesonline/vendor/laravel/framework/src/Illuminate/Foundation/Http/Middleware/ConvertEmptyStringsToNull.php(31): Illuminate/Foundation/Http/Middleware/TransformsRequest->handle(Object(Illuminate/Http/Request), Object(Closure))
#22 D:/Very, Urgenly, Important/psaaccessoriesonline/vendor/laravel/framework/src/Illuminate/Pipeline/Pipeline.php(219): Illuminate/Foundation/Http/Middleware/ConvertEmptyStringsToNull->handle(Object(Illuminate/Http/Request), Object(Closure))
#23 D:/Very, Urgenly, Important/psaaccessoriesonline/vendor/laravel/framework/src/Illuminate/Foundation/Http/Middleware/TransformsRequest.php(21): Illuminate/Pipeline/Pipeline->Illuminate/Pipeline/{closure}(Object(Illuminate/Http/Request))
#24 D:/Very, Urgenly, Important/psaaccessoriesonline/vendor/laravel/framework/src/Illuminate/Foundation/Http/Middleware/TrimStrings.php(51): Illuminate/Foundation/Http/Middleware/TransformsRequest->handle(Object(Illuminate/Http/Request), Object(Closure))
#25 D:/Very, Urgenly, Important/psaaccessoriesonline/vendor/laravel/framework/src/Illuminate/Pipeline/Pipeline.php(219): Illuminate/Foundation/Http/Middleware/TrimStrings->handle(Object(Illuminate/Http/Request), Object(Closure))
#26 D:/Very, Urgenly, Important/psaaccessoriesonline/vendor/laravel/framework/src/Illuminate/Http/Middleware/ValidatePostSize.php(27): Illuminate/Pipeline/Pipeline->Illuminate/Pipeline/{closure}(Object(Illuminate/Http/Request))
#27 D:/Very, Urgenly, Important/psaaccessoriesonline/vendor/laravel/framework/src/Illuminate/Pipeline/Pipeline.php(219): Illuminate/Http/Middleware/ValidatePostSize->handle(Object(Illuminate/Http/Request), Object(Closure))
#28 D:/Very, Urgenly, Important/psaaccessoriesonline/vendor/laravel/framework/src/Illuminate/Foundation/Http/Middleware/PreventRequestsDuringMaintenance.php(109): Illuminate/Pipeline/Pipeline->Illuminate/Pipeline/{closure}(Object(Illuminate/Http/Request))
#29 D:/Very, Urgenly, Important/psaaccessoriesonline/vendor/laravel/framework/src/Illuminate/Pipeline/Pipeline.php(219): Illuminate/Foundation/Http/Middleware/PreventRequestsDuringMaintenance->handle(Object(Illuminate/Http/Request), Object(Closure))
#30 D:/Very, Urgenly, Important/psaaccessoriesonline/vendor/laravel/framework/src/Illuminate/Http/Middleware/HandleCors.php(74): Illuminate/Pipeline/Pipeline->Illuminate/Pipeline/{closure}(Object(Illuminate/Http/Request))
#31 D:/Very, Urgenly, Important/psaaccessoriesonline/vendor/laravel/framework/src/Illuminate/Pipeline/Pipeline.php(219): Illuminate/Http/Middleware/HandleCors->handle(Object(Illuminate/Http/Request), Object(Closure))
#32 D:/Very, Urgenly, Important/psaaccessoriesonline/vendor/laravel/framework/src/Illuminate/Http/Middleware/TrustProxies.php(58): Illuminate/Pipeline/Pipeline->Illuminate/Pipeline/{closure}(Object(Illuminate/Http/Request))
#33 D:/Very, Urgenly, Important/psaaccessoriesonline/vendor/laravel/framework/src/Illuminate/Pipeline/Pipeline.php(219): Illuminate/Http/Middleware/TrustProxies->handle(Object(Illuminate/Http/Request), Object(Closure))
#34 D:/Very, Urgenly, Important/psaaccessoriesonline/vendor/laravel/framework/src/Illuminate/Foundation/Http/Middleware/InvokeDeferredCallbacks.php(22): Illuminate/Pipeline/Pipeline->Illuminate/Pipeline/{closure}(Object(Illuminate/Http/Request))
#35 D:/Very, Urgenly, Important/psaaccessoriesonline/vendor/laravel/framework/src/Illuminate/Pipeline/Pipeline.php(219): Illuminate/Foundation/Http/Middleware/InvokeDeferredCallbacks->handle(Object(Illuminate/Http/Request), Object(Closure))
#36 D:/Very, Urgenly, Important/psaaccessoriesonline/vendor/laravel/framework/src/Illuminate/Http/Middleware/ValidatePathEncoding.php(26): Illuminate/Pipeline/Pipeline->Illuminate/Pipeline/{closure}(Object(Illuminate/Http/Request))
#37 D:/Very, Urgenly, Important/psaaccessoriesonline/vendor/laravel/framework/src/Illuminate/Pipeline/Pipeline.php(219): Illuminate/Http/Middleware/ValidatePathEncoding->handle(Object(Illuminate/Http/Request), Object(Closure))
#38 D:/Very, Urgenly, Important/psaaccessoriesonline/vendor/laravel/framework/src/Illuminate/Pipeline/Pipeline.php(137): Illuminate/Pipeline/Pipeline->Illuminate/Pipeline/{closure}(Object(Illuminate/Http/Request))
#39 D:/Very, Urgenly, Important/psaaccessoriesonline/vendor/laravel/framework/src/Illuminate/Foundation/Http/Kernel.php(175): Illuminate/Pipeline/Pipeline->then(Object(Closure))
#40 D:/Very, Urgenly, Important/psaaccessoriesonline/vendor/laravel/framework/src/Illuminate/Foundation/Http/Kernel.php(144): Illuminate/Foundation/Http/Kernel->sendRequestThroughRouter(Object(Illuminate/Http/Request))
#41 D:/Very, Urgenly, Important/psaaccessoriesonline/vendor/laravel/framework/src/Illuminate/Foundation/Application.php(1220): Illuminate/Foundation/Http/Kernel->handle(Object(Illuminate/Http/Request))
#42 D:/Very, Urgenly, Important/psaaccessoriesonline/public/index.php(21): Illuminate/Foundation/Application->handleRequest(Object(Illuminate/Http/Request))
#43 D:/Very, Urgenly, Important/psaaccessoriesonline/vendor/laravel/framework/src/Illuminate/Foundation/resources/server.php(23): require_once('D://Very, Urgenl...')
#44 {main}
"} 
[2026-10-02 13:15:56] local.ERROR: file_put_contents(D:\Very, Urgenly, Important\psaaccessoriesonline\storage\framework/sessions/7Ibk2Z5gR74esPF91wInvYYzoplvEpZWKkeLddpz): Failed to open stream: No such file or directory {"exception":"[object] (ErrorException(code: 0): file_put_contents(D:\\Very, Urgenly, Important\\psaaccessoriesonline\\storage\\framework/sessions/7Ibk2Z5gR74esPF91wInvYYzoplvEpZWKkeLddpz): Failed to open stream: No such file or directory at D:/Very, Urgenly, Important/psaaccessoriesonline/vendor/laravel/framework/src/Illuminate/Filesystem/Filesystem.php:204)
[stacktrace]
#0 D:/Very, Urgenly, Important/psaaccessoriesonline/vendor/laravel/framework/src/Illuminate/Foundation/Bootstrap/HandleExceptions.php(262): Illuminate/Foundation/Bootstrap/HandleExceptions->handleError(2, 'file_put_conten...', 'D://Very, Urgenl...', 204)
#1 [internal function]: Illuminate/Foundation/Bootstrap/HandleExceptions->Illuminate/Foundation/Bootstrap/{closure}(2, 'file_put_conten...', 'D://Very, Urgenl...', 204)
#2 D:/Very, Urgenly, Important/psaaccessoriesonline/vendor/laravel/framework/src/Illuminate/Filesystem/Filesystem.php(204): file_put_contents('D://Very, Urgenl...', 'eyJpdiI6IjRYVWN...', 2)
#3 D:/Very, Urgenly, Important/psaaccessoriesonline/vendor/laravel/framework/src/Illuminate/Session/FileSessionHandler.php(89): Illuminate/Filesystem/Filesystem->put('D://Very, Urgenl...', 'eyJpdiI6IjRYVWN...', true)
#4 D:/Very, Urgenly, Important/psaaccessoriesonline/vendor/laravel/framework/src/Illuminate/Session/Store.php(187): Illuminate/Session/FileSessionHandler->write('7Ibk2Z5gR74esPF...', 'eyJpdiI6IjRYVWN...')
#5 D:/Very, Urgenly, Important/psaaccessoriesonline/vendor/laravel/framework/src/Illuminate/Session/Middleware/StartSession.php(248): Illuminate/Session/Store->save()
#6 D:/Very, Urgenly, Important/psaaccessoriesonline/vendor/laravel/framework/src/Illuminate/Session/Middleware/StartSession.php(129): Illuminate/Session/Middleware/StartSession->saveSession(Object(Illuminate/Http/Request))
#7 D:/Very, Urgenly, Important/psaaccessoriesonline/vendor/laravel/framework/src/Illuminate/Session/Middleware/StartSession.php(63): Illuminate/Session/Middleware/StartSession->handleStatefulRequest(Object(Illuminate/Http/Request), Object(Illuminate/Session/EncryptedStore), Object(Closure))
#8 D:/Very, Urgenly, Important/psaaccessoriesonline/vendor/laravel/framework/src/Illuminate/Pipeline/Pipeline.php(219): Illuminate/Session/Middleware/StartSession->handle(Object(Illuminate/Http/Request), Object(Closure))
#9 D:/Very, Urgenly, Important/psaaccessoriesonline/vendor/laravel/framework/src/Illuminate/Cookie/Middleware/AddQueuedCookiesToResponse.php(36): Illuminate/Pipeline/Pipeline->Illuminate/Pipeline/{closure}(Object(Illuminate/Http/Request))
#10 D:/Very, Urgenly, Important/psaaccessoriesonline/vendor/laravel/framework/src/Illuminate/Pipeline/Pipeline.php(219): Illuminate/Cookie/Middleware/AddQueuedCookiesToResponse->handle(Object(Illuminate/Http/Request), Object(Closure))
#11 D:/Very, Urgenly, Important/psaaccessoriesonline/vendor/laravel/framework/src/Illuminate/Cookie/Middleware/EncryptCookies.php(74): Illuminate/Pipeline/Pipeline->Illuminate/Pipeline/{closure}(Object(Illuminate/Http/Request))
#12 D:/Very, Urgenly, Important/psaaccessoriesonline/vendor/laravel/framework/src/Illuminate/Pipeline/Pipeline.php(219): Illuminate/Cookie/Middleware/EncryptCookies->handle(Object(Illuminate/Http/Request), Object(Closure))
#13 D:/Very, Urgenly, Important/psaaccessoriesonline/vendor/laravel/framework/src/Illuminate/Pipeline/Pipeline.php(137): Illuminate/Pipeline/Pipeline->Illuminate/Pipeline/{closure}(Object(Illuminate/Http/Request))
#14 D:/Very, Urgenly, Important/psaaccessoriesonline/vendor/laravel/framework/src/Illuminate/Routing/Router.php(821): Illuminate/Pipeline/Pipeline->then(Object(Closure))
#15 D:/Very, Urgenly, Important/psaaccessoriesonline/vendor/laravel/framework/src/Illuminate/Routing/Router.php(800): Illuminate/Routing/Router->runRouteWithinStack(Object(Illuminate/Routing/Route), Object(Illuminate/Http/Request))
#16 D:/Very, Urgenly, Important/psaaccessoriesonline/vendor/laravel/framework/src/Illuminate/Routing/Router.php(764): Illuminate/Routing/Router->runRoute(Object(Illuminate/Http/Request), Object(Illuminate/Routing/Route))
#17 D:/Very, Urgenly, Important/psaaccessoriesonline/vendor/laravel/framework/src/Illuminate/Routing/Router.php(753): Illuminate/Routing/Router->dispatchToRoute(Object(Illuminate/Http/Request))
#18 D:/Very, Urgenly, Important/psaaccessoriesonline/vendor/laravel/framework/src/Illuminate/Foundation/Http/Kernel.php(200): Illuminate/Routing/Router->dispatch(Object(Illuminate/Http/Request))
#19 D:/Very, Urgenly, Important/psaaccessoriesonline/vendor/laravel/framework/src/Illuminate/Pipeline/Pipeline.php(180): Illuminate/Foundation/Http/Kernel->Illuminate/Foundation/Http/{closure}(Object(Illuminate/Http/Request))
#20 D:/Very, Urgenly, Important/psaaccessoriesonline/vendor/laravel/framework/src/Illuminate/Foundation/Http/Middleware/TransformsRequest.php(21): Illuminate/Pipeline/Pipeline->Illuminate/Pipeline/{closure}(Object(Illuminate/Http/Request))
#21 D:/Very, Urgenly, Important/psaaccessoriesonline/vendor/laravel/framework/src/Illuminate/Foundation/Http/Middleware/ConvertEmptyStringsToNull.php(31): Illuminate/Foundation/Http/Middleware/TransformsRequest->handle(Object(Illuminate/Http/Request), Object(Closure))
#22 D:/Very, Urgenly, Important/psaaccessoriesonline/vendor/laravel/framework/src/Illuminate/Pipeline/Pipeline.php(219): Illuminate/Foundation/Http/Middleware/ConvertEmptyStringsToNull->handle(Object(Illuminate/Http/Request), Object(Closure))
#23 D:/Very, Urgenly, Important/psaaccessoriesonline/vendor/laravel/framework/src/Illuminate/Foundation/Http/Middleware/TransformsRequest.php(21): Illuminate/Pipeline/Pipeline->Illuminate/Pipeline/{closure}(Object(Illuminate/Http/Request))
#24 D:/Very, Urgenly, Important/psaaccessoriesonline/vendor/laravel/framework/src/Illuminate/Foundation/Http/Middleware/TrimStrings.php(51): Illuminate/Foundation/Http/Middleware/TransformsRequest->handle(Object(Illuminate/Http/Request), Object(Closure))
#25 D:/Very, Urgenly, Important/psaaccessoriesonline/vendor/laravel/framework/src/Illuminate/Pipeline/Pipeline.php(219): Illuminate/Foundation/Http/Middleware/TrimStrings->handle(Object(Illuminate/Http/Request), Object(Closure))
#26 D:/Very, Urgenly, Important/psaaccessoriesonline/vendor/laravel/framework/src/Illuminate/Http/Middleware/ValidatePostSize.php(27): Illuminate/Pipeline/Pipeline->Illuminate/Pipeline/{closure}(Object(Illuminate/Http/Request))
#27 D:/Very, Urgenly, Important/psaaccessoriesonline/vendor/laravel/framework/src/Illuminate/Pipeline/Pipeline.php(219): Illuminate/Http/Middleware/ValidatePostSize->handle(Object(Illuminate/Http/Request), Object(Closure))
#28 D:/Very, Urgenly, Important/psaaccessoriesonline/vendor/laravel/framework/src/Illuminate/Foundation/Http/Middleware/PreventRequestsDuringMaintenance.php(109): Illuminate/Pipeline/Pipeline->Illuminate/Pipeline/{closure}(Object(Illuminate/Http/Request))
#29 D:/Very, Urgenly, Important/psaaccessoriesonline/vendor/laravel/framework/src/Illuminate/Pipeline/Pipeline.php(219): Illuminate/Foundation/Http/Middleware/PreventRequestsDuringMaintenance->handle(Object(Illuminate/Http/Request), Object(Closure))
#30 D:/Very, Urgenly, Important/psaaccessoriesonline/vendor/laravel/framework/src/Illuminate/Http/Middleware/HandleCors.php(74): Illuminate/Pipeline/Pipeline->Illuminate/Pipeline/{closure}(Object(Illuminate/Http/Request))
#31 D:/Very, Urgenly, Important/psaaccessoriesonline/vendor/laravel/framework/src/Illuminate/Pipeline/Pipeline.php(219): Illuminate/Http/Middleware/HandleCors->handle(Object(Illuminate/Http/Request), Object(Closure))
#32 D:/Very, Urgenly, Important/psaaccessoriesonline/vendor/laravel/framework/src/Illuminate/Http/Middleware/TrustProxies.php(58): Illuminate/Pipeline/Pipeline->Illuminate/Pipeline/{closure}(Object(Illuminate/Http/Request))
#33 D:/Very, Urgenly, Important/psaaccessoriesonline/vendor/laravel/framework/src/Illuminate/Pipeline/Pipeline.php(219): Illuminate/Http/Middleware/TrustProxies->handle(Object(Illuminate/Http/Request), Object(Closure))
#34 D:/Very, Urgenly, Important/psaaccessoriesonline/vendor/laravel/framework/src/Illuminate/Foundation/Http/Middleware/InvokeDeferredCallbacks.php(22): Illuminate/Pipeline/Pipeline->Illuminate/Pipeline/{closure}(Object(Illuminate/Http/Request))
#35 D:/Very, Urgenly, Important/psaaccessoriesonline/vendor/laravel/framework/src/Illuminate/Pipeline/Pipeline.php(219): Illuminate/Foundation/Http/Middleware/InvokeDeferredCallbacks->handle(Object(Illuminate/Http/Request), Object(Closure))
#36 D:/Very, Urgenly, Important/psaaccessoriesonline/vendor/laravel/framework/src/Illuminate/Http/Middleware/ValidatePathEncoding.php(26): Illuminate/Pipeline/Pipeline->Illuminate/Pipeline/{closure}(Object(Illuminate/Http/Request))
#37 D:/Very, Urgenly, Important/psaaccessoriesonline/vendor/laravel/framework/src/Illuminate/Pipeline/Pipeline.php(219): Illuminate/Http/Middleware/ValidatePathEncoding->handle(Object(Illuminate/Http/Request), Object(Closure))
#38 D:/Very, Urgenly, Important/psaaccessoriesonline/vendor/laravel/framework/src/Illuminate/Pipeline/Pipeline.php(137): Illuminate/Pipeline/Pipeline->Illuminate/Pipeline/{closure}(Object(Illuminate/Http/Request))
#39 D:/Very, Urgenly, Important/psaaccessoriesonline/vendor/laravel/framework/src/Illuminate/Foundation/Http/Kernel.php(175): Illuminate/Pipeline/Pipeline->then(Object(Closure))
#40 D:/Very, Urgenly, Important/psaaccessoriesonline/vendor/laravel/framework/src/Illuminate/Foundation/Http/Kernel.php(144): Illuminate/Foundation/Http/Kernel->sendRequestThroughRouter(Object(Illuminate/Http/Request))
#41 D:/Very, Urgenly, Important/psaaccessoriesonline/vendor/laravel/framework/src/Illuminate/Foundation/Application.php(1220): Illuminate/Foundation/Http/Kernel->handle(Object(Illuminate/Http/Request))
#42 D:/Very, Urgenly, Important/psaaccessoriesonline/public/index.php(21): Illuminate/Foundation/Application->handleRequest(Object(Illuminate/Http/Request))
#43 D:/Very, Urgenly, Important/psaaccessoriesonline/vendor/laravel/framework/src/Illuminate/Foundation/resources/server.php(23): require_once('D://Very, Urgenl...')
#44 {main}
"} 
[2026-10-02 13:15:57] local.ERROR: file_put_contents(D:\Very, Urgenly, Important\psaaccessoriesonline\storage\framework/sessions/kkCIKnZqjxrVtkeuJM9LzD0yrVPQAjMnANSgl8Hv): Failed to open stream: No such file or directory {"exception":"[object] (ErrorException(code: 0): file_put_contents(D:\\Very, Urgenly, Important\\psaaccessoriesonline\\storage\\framework/sessions/kkCIKnZqjxrVtkeuJM9LzD0yrVPQAjMnANSgl8Hv): Failed to open stream: No such file or directory at D:/Very, Urgenly, Important/psaaccessoriesonline/vendor/laravel/framework/src/Illuminate/Filesystem/Filesystem.php:204)
[stacktrace]
#0 D:/Very, Urgenly, Important/psaaccessoriesonline/vendor/laravel/framework/src/Illuminate/Foundation/Bootstrap/HandleExceptions.php(262): Illuminate/Foundation/Bootstrap/HandleExceptions->handleError(2, 'file_put_conten...', 'D://Very, Urgenl...', 204)
#1 [internal function]: Illuminate/Foundation/Bootstrap/HandleExceptions->Illuminate/Foundation/Bootstrap/{closure}(2, 'file_put_conten...', 'D://Very, Urgenl...', 204)
#2 D:/Very, Urgenly, Important/psaaccessoriesonline/vendor/laravel/framework/src/Illuminate/Filesystem/Filesystem.php(204): file_put_contents('D://Very, Urgenl...', 'eyJpdiI6IkJLWm4...', 2)
#3 D:/Very, Urgenly, Important/psaaccessoriesonline/vendor/laravel/framework/src/Illuminate/Session/FileSessionHandler.php(89): Illuminate/Filesystem/Filesystem->put('D://Very, Urgenl...', 'eyJpdiI6IkJLWm4...', true)
#4 D:/Very, Urgenly, Important/psaaccessoriesonline/vendor/laravel/framework/src/Illuminate/Session/Store.php(187): Illuminate/Session/FileSessionHandler->write('kkCIKnZqjxrVtke...', 'eyJpdiI6IkJLWm4...')
#5 D:/Very, Urgenly, Important/psaaccessoriesonline/vendor/laravel/framework/src/Illuminate/Session/Middleware/StartSession.php(248): Illuminate/Session/Store->save()
#6 D:/Very, Urgenly, Important/psaaccessoriesonline/vendor/laravel/framework/src/Illuminate/Session/Middleware/StartSession.php(129): Illuminate/Session/Middleware/StartSession->saveSession(Object(Illuminate/Http/Request))
#7 D:/Very, Urgenly, Important/psaaccessoriesonline/vendor/laravel/framework/src/Illuminate/Session/Middleware/StartSession.php(63): Illuminate/Session/Middleware/StartSession->handleStatefulRequest(Object(Illuminate/Http/Request), Object(Illuminate/Session/EncryptedStore), Object(Closure))
#8 D:/Very, Urgenly, Important/psaaccessoriesonline/vendor/laravel/framework/src/Illuminate/Pipeline/Pipeline.php(219): Illuminate/Session/Middleware/StartSession->handle(Object(Illuminate/Http/Request), Object(Closure))
#9 D:/Very, Urgenly, Important/psaaccessoriesonline/vendor/laravel/framework/src/Illuminate/Cookie/Middleware/AddQueuedCookiesToResponse.php(36): Illuminate/Pipeline/Pipeline->Illuminate/Pipeline/{closure}(Object(Illuminate/Http/Request))
#10 D:/Very, Urgenly, Important/psaaccessoriesonline/vendor/laravel/framework/src/Illuminate/Pipeline/Pipeline.php(219): Illuminate/Cookie/Middleware/AddQueuedCookiesToResponse->handle(Object(Illuminate/Http/Request), Object(Closure))
#11 D:/Very, Urgenly, Important/psaaccessoriesonline/vendor/laravel/framework/src/Illuminate/Cookie/Middleware/EncryptCookies.php(74): Illuminate/Pipeline/Pipeline->Illuminate/Pipeline/{closure}(Object(Illuminate/Http/Request))
#12 D:/Very, Urgenly, Important/psaaccessoriesonline/vendor/laravel/framework/src/Illuminate/Pipeline/Pipeline.php(219): Illuminate/Cookie/Middleware/EncryptCookies->handle(Object(Illuminate/Http/Request), Object(Closure))
#13 D:/Very, Urgenly, Important/psaaccessoriesonline/vendor/laravel/framework/src/Illuminate/Pipeline/Pipeline.php(137): Illuminate/Pipeline/Pipeline->Illuminate/Pipeline/{closure}(Object(Illuminate/Http/Request))
#14 D:/Very, Urgenly, Important/psaaccessoriesonline/vendor/laravel/framework/src/Illuminate/Routing/Router.php(821): Illuminate/Pipeline/Pipeline->then(Object(Closure))
#15 D:/Very, Urgenly, Important/psaaccessoriesonline/vendor/laravel/framework/src/Illuminate/Routing/Router.php(800): Illuminate/Routing/Router->runRouteWithinStack(Object(Illuminate/Routing/Route), Object(Illuminate/Http/Request))
#16 D:/Very, Urgenly, Important/psaaccessoriesonline/vendor/laravel/framework/src/Illuminate/Routing/Router.php(764): Illuminate/Routing/Router->runRoute(Object(Illuminate/Http/Request), Object(Illuminate/Routing/Route))
#17 D:/Very, Urgenly, Important/psaaccessoriesonline/vendor/laravel/framework/src/Illuminate/Routing/Router.php(753): Illuminate/Routing/Router->dispatchToRoute(Object(Illuminate/Http/Request))
#18 D:/Very, Urgenly, Important/psaaccessoriesonline/vendor/laravel/framework/src/Illuminate/Foundation/Http/Kernel.php(200): Illuminate/Routing/Router->dispatch(Object(Illuminate/Http/Request))
#19 D:/Very, Urgenly, Important/psaaccessoriesonline/vendor/laravel/framework/src/Illuminate/Pipeline/Pipeline.php(180): Illuminate/Foundation/Http/Kernel->Illuminate/Foundation/Http/{closure}(Object(Illuminate/Http/Request))
#20 D:/Very, Urgenly, Important/psaaccessoriesonline/vendor/laravel/framework/src/Illuminate/Foundation/Http/Middleware/TransformsRequest.php(21): Illuminate/Pipeline/Pipeline->Illuminate/Pipeline/{closure}(Object(Illuminate/Http/Request))
#21 D:/Very, Urgenly, Important/psaaccessoriesonline/vendor/laravel/framework/src/Illuminate/Foundation/Http/Middleware/ConvertEmptyStringsToNull.php(31): Illuminate/Foundation/Http/Middleware/TransformsRequest->handle(Object(Illuminate/Http/Request), Object(Closure))
#22 D:/Very, Urgenly, Important/psaaccessoriesonline/vendor/laravel/framework/src/Illuminate/Pipeline/Pipeline.php(219): Illuminate/Foundation/Http/Middleware/ConvertEmptyStringsToNull->handle(Object(Illuminate/Http/Request), Object(Closure))
#23 D:/Very, Urgenly, Important/psaaccessoriesonline/vendor/laravel/framework/src/Illuminate/Foundation/Http/Middleware/TransformsRequest.php(21): Illuminate/Pipeline/Pipeline->Illuminate/Pipeline/{closure}(Object(Illuminate/Http/Request))
#24 D:/Very, Urgenly, Important/psaaccessoriesonline/vendor/laravel/framework/src/Illuminate/Foundation/Http/Middleware/TrimStrings.php(51): Illuminate/Foundation/Http/Middleware/TransformsRequest->handle(Object(Illuminate/Http/Request), Object(Closure))
#25 D:/Very, Urgenly, Important/psaaccessoriesonline/vendor/laravel/framework/src/Illuminate/Pipeline/Pipeline.php(219): Illuminate/Foundation/Http/Middleware/TrimStrings->handle(Object(Illuminate/Http/Request), Object(Closure))
#26 D:/Very, Urgenly, Important/psaaccessoriesonline/vendor/laravel/framework/src/Illuminate/Http/Middleware/ValidatePostSize.php(27): Illuminate/Pipeline/Pipeline->Illuminate/Pipeline/{closure}(Object(Illuminate/Http/Request))
#27 D:/Very, Urgenly, Important/psaaccessoriesonline/vendor/laravel/framework/src/Illuminate/Pipeline/Pipeline.php(219): Illuminate/Http/Middleware/ValidatePostSize->handle(Object(Illuminate/Http/Request), Object(Closure))
#28 D:/Very, Urgenly, Important/psaaccessoriesonline/vendor/laravel/framework/src/Illuminate/Foundation/Http/Middleware/PreventRequestsDuringMaintenance.php(109): Illuminate/Pipeline/Pipeline->Illuminate/Pipeline/{closure}(Object(Illuminate/Http/Request))
#29 D:/Very, Urgenly, Important/psaaccessoriesonline/vendor/laravel/framework/src/Illuminate/Pipeline/Pipeline.php(219): Illuminate/Foundation/Http/Middleware/PreventRequestsDuringMaintenance->handle(Object(Illuminate/Http/Request), Object(Closure))
#30 D:/Very, Urgenly, Important/psaaccessoriesonline/vendor/laravel/framework/src/Illuminate/Http/Middleware/HandleCors.php(61): Illuminate/Pipeline/Pipeline->Illuminate/Pipeline/{closure}(Object(Illuminate/Http/Request))
#31 D:/Very, Urgenly, Important/psaaccessoriesonline/vendor/laravel/framework/src/Illuminate/Pipeline/Pipeline.php(219): Illuminate/Http/Middleware/HandleCors->handle(Object(Illuminate/Http/Request), Object(Closure))
#32 D:/Very, Urgenly, Important/psaaccessoriesonline/vendor/laravel/framework/src/Illuminate/Http/Middleware/TrustProxies.php(58): Illuminate/Pipeline/Pipeline->Illuminate/Pipeline/{closure}(Object(Illuminate/Http/Request))
#33 D:/Very, Urgenly, Important/psaaccessoriesonline/vendor/laravel/framework/src/Illuminate/Pipeline/Pipeline.php(219): Illuminate/Http/Middleware/TrustProxies->handle(Object(Illuminate/Http/Request), Object(Closure))
#34 D:/Very, Urgenly, Important/psaaccessoriesonline/vendor/laravel/framework/src/Illuminate/Foundation/Http/Middleware/InvokeDeferredCallbacks.php(22): Illuminate/Pipeline/Pipeline->Illuminate/Pipeline/{closure}(Object(Illuminate/Http/Request))
#35 D:/Very, Urgenly, Important/psaaccessoriesonline/vendor/laravel/framework/src/Illuminate/Pipeline/Pipeline.php(219): Illuminate/Foundation/Http/Middleware/InvokeDeferredCallbacks->handle(Object(Illuminate/Http/Request), Object(Closure))
#36 D:/Very, Urgenly, Important/psaaccessoriesonline/vendor/laravel/framework/src/Illuminate/Http/Middleware/ValidatePathEncoding.php(26): Illuminate/Pipeline/Pipeline->Illuminate/Pipeline/{closure}(Object(Illuminate/Http/Request))
#37 D:/Very, Urgenly, Important/psaaccessoriesonline/vendor/laravel/framework/src/Illuminate/Pipeline/Pipeline.php(219): Illuminate/Http/Middleware/ValidatePathEncoding->handle(Object(Illuminate/Http/Request), Object(Closure))
#38 D:/Very, Urgenly, Important/psaaccessoriesonline/vendor/laravel/framework/src/Illuminate/Pipeline/Pipeline.php(137): Illuminate/Pipeline/Pipeline->Illuminate/Pipeline/{closure}(Object(Illuminate/Http/Request))
#39 D:/Very, Urgenly, Important/psaaccessoriesonline/vendor/laravel/framework/src/Illuminate/Foundation/Http/Kernel.php(175): Illuminate/Pipeline/Pipeline->then(Object(Closure))
#40 D:/Very, Urgenly, Important/psaaccessoriesonline/vendor/laravel/framework/src/Illuminate/Foundation/Http/Kernel.php(144): Illuminate/Foundation/Http/Kernel->sendRequestThroughRouter(Object(Illuminate/Http/Request))
#41 D:/Very, Urgenly, Important/psaaccessoriesonline/vendor/laravel/framework/src/Illuminate/Foundation/Application.php(1220): Illuminate/Foundation/Http/Kernel->handle(Object(Illuminate/Http/Request))
#42 D:/Very, Urgenly, Important/psaaccessoriesonline/public/index.php(21): Illuminate/Foundation/Application->handleRequest(Object(Illuminate/Http/Request))
#43 D:/Very, Urgenly, Important/psaaccessoriesonline/vendor/laravel/framework/src/Illuminate/Foundation/resources/server.php(23): require_once('D://Very, Urgenl...')
#44 {main}
"} 
[2026-10-02 13:16:11] local.ERROR: file_put_contents(D:\Very, Urgenly, Important\psaaccessoriesonline\storage\framework/sessions/ytpd4trJoMlidC6B3b6JGZ6BNv1SZpkmI8xEfBUw): Failed to open stream: No such file or directory {"exception":"[object] (ErrorException(code: 0): file_put_contents(D:\\Very, Urgenly, Important\\psaaccessoriesonline\\storage\\framework/sessions/ytpd4trJoMlidC6B3b6JGZ6BNv1SZpkmI8xEfBUw): Failed to open stream: No such file or directory at D:/Very, Urgenly, Important/psaaccessoriesonline/vendor/laravel/framework/src/Illuminate/Filesystem/Filesystem.php:204)
[stacktrace]
#0 D:/Very, Urgenly, Important/psaaccessoriesonline/vendor/laravel/framework/src/Illuminate/Foundation/Bootstrap/HandleExceptions.php(262): Illuminate/Foundation/Bootstrap/HandleExceptions->handleError(2, 'file_put_conten...', 'D://Very, Urgenl...', 204)
#1 [internal function]: Illuminate/Foundation/Bootstrap/HandleExceptions->Illuminate/Foundation/Bootstrap/{closure}(2, 'file_put_conten...', 'D://Very, Urgenl...', 204)
#2 D:/Very, Urgenly, Important/psaaccessoriesonline/vendor/laravel/framework/src/Illuminate/Filesystem/Filesystem.php(204): file_put_contents('D://Very, Urgenl...', 'eyJpdiI6Ii9zQlV...', 2)
#3 D:/Very, Urgenly, Important/psaaccessoriesonline/vendor/laravel/framework/src/Illuminate/Session/FileSessionHandler.php(89): Illuminate/Filesystem/Filesystem->put('D://Very, Urgenl...', 'eyJpdiI6Ii9zQlV...', true)
#4 D:/Very, Urgenly, Important/psaaccessoriesonline/vendor/laravel/framework/src/Illuminate/Session/Store.php(187): Illuminate/Session/FileSessionHandler->write('ytpd4trJoMlidC6...', 'eyJpdiI6Ii9zQlV...')
#5 D:/Very, Urgenly, Important/psaaccessoriesonline/vendor/laravel/framework/src/Illuminate/Session/Middleware/StartSession.php(248): Illuminate/Session/Store->save()
#6 D:/Very, Urgenly, Important/psaaccessoriesonline/vendor/laravel/framework/src/Illuminate/Session/Middleware/StartSession.php(129): Illuminate/Session/Middleware/StartSession->saveSession(Object(Illuminate/Http/Request))
#7 D:/Very, Urgenly, Important/psaaccessoriesonline/vendor/laravel/framework/src/Illuminate/Session/Middleware/StartSession.php(63): Illuminate/Session/Middleware/StartSession->handleStatefulRequest(Object(Illuminate/Http/Request), Object(Illuminate/Session/EncryptedStore), Object(Closure))
#8 D:/Very, Urgenly, Important/psaaccessoriesonline/vendor/laravel/framework/src/Illuminate/Pipeline/Pipeline.php(219): Illuminate/Session/Middleware/StartSession->handle(Object(Illuminate/Http/Request), Object(Closure))
#9 D:/Very, Urgenly, Important/psaaccessoriesonline/vendor/laravel/framework/src/Illuminate/Cookie/Middleware/AddQueuedCookiesToResponse.php(36): Illuminate/Pipeline/Pipeline->Illuminate/Pipeline/{closure}(Object(Illuminate/Http/Request))
#10 D:/Very, Urgenly, Important/psaaccessoriesonline/vendor/laravel/framework/src/Illuminate/Pipeline/Pipeline.php(219): Illuminate/Cookie/Middleware/AddQueuedCookiesToResponse->handle(Object(Illuminate/Http/Request), Object(Closure))
#11 D:/Very, Urgenly, Important/psaaccessoriesonline/vendor/laravel/framework/src/Illuminate/Cookie/Middleware/EncryptCookies.php(74): Illuminate/Pipeline/Pipeline->Illuminate/Pipeline/{closure}(Object(Illuminate/Http/Request))
#12 D:/Very, Urgenly, Important/psaaccessoriesonline/vendor/laravel/framework/src/Illuminate/Pipeline/Pipeline.php(219): Illuminate/Cookie/Middleware/EncryptCookies->handle(Object(Illuminate/Http/Request), Object(Closure))
#13 D:/Very, Urgenly, Important/psaaccessoriesonline/vendor/laravel/framework/src/Illuminate/Pipeline/Pipeline.php(137): Illuminate/Pipeline/Pipeline->Illuminate/Pipeline/{closure}(Object(Illuminate/Http/Request))
#14 D:/Very, Urgenly, Important/psaaccessoriesonline/vendor/laravel/framework/src/Illuminate/Routing/Router.php(821): Illuminate/Pipeline/Pipeline->then(Object(Closure))
#15 D:/Very, Urgenly, Important/psaaccessoriesonline/vendor/laravel/framework/src/Illuminate/Routing/Router.php(800): Illuminate/Routing/Router->runRouteWithinStack(Object(Illuminate/Routing/Route), Object(Illuminate/Http/Request))
#16 D:/Very, Urgenly, Important/psaaccessoriesonline/vendor/laravel/framework/src/Illuminate/Routing/Router.php(764): Illuminate/Routing/Router->runRoute(Object(Illuminate/Http/Request), Object(Illuminate/Routing/Route))
#17 D:/Very, Urgenly, Important/psaaccessoriesonline/vendor/laravel/framework/src/Illuminate/Routing/Router.php(753): Illuminate/Routing/Router->dispatchToRoute(Object(Illuminate/Http/Request))
#18 D:/Very, Urgenly, Important/psaaccessoriesonline/vendor/laravel/framework/src/Illuminate/Foundation/Http/Kernel.php(200): Illuminate/Routing/Router->dispatch(Object(Illuminate/Http/Request))
#19 D:/Very, Urgenly, Important/psaaccessoriesonline/vendor/laravel/framework/src/Illuminate/Pipeline/Pipeline.php(180): Illuminate/Foundation/Http/Kernel->Illuminate/Foundation/Http/{closure}(Object(Illuminate/Http/Request))
#20 D:/Very, Urgenly, Important/psaaccessoriesonline/vendor/laravel/framework/src/Illuminate/Foundation/Http/Middleware/TransformsRequest.php(21): Illuminate/Pipeline/Pipeline->Illuminate/Pipeline/{closure}(Object(Illuminate/Http/Request))
#21 D:/Very, Urgenly, Important/psaaccessoriesonline/vendor/laravel/framework/src/Illuminate/Foundation/Http/Middleware/ConvertEmptyStringsToNull.php(31): Illuminate/Foundation/Http/Middleware/TransformsRequest->handle(Object(Illuminate/Http/Request), Object(Closure))
#22 D:/Very, Urgenly, Important/psaaccessoriesonline/vendor/laravel/framework/src/Illuminate/Pipeline/Pipeline.php(219): Illuminate/Foundation/Http/Middleware/ConvertEmptyStringsToNull->handle(Object(Illuminate/Http/Request), Object(Closure))
#23 D:/Very, Urgenly, Important/psaaccessoriesonline/vendor/laravel/framework/src/Illuminate/Foundation/Http/Middleware/TransformsRequest.php(21): Illuminate/Pipeline/Pipeline->Illuminate/Pipeline/{closure}(Object(Illuminate/Http/Request))
#24 D:/Very, Urgenly, Important/psaaccessoriesonline/vendor/laravel/framework/src/Illuminate/Foundation/Http/Middleware/TrimStrings.php(51): Illuminate/Foundation/Http/Middleware/TransformsRequest->handle(Object(Illuminate/Http/Request), Object(Closure))
#25 D:/Very, Urgenly, Important/psaaccessoriesonline/vendor/laravel/framework/src/Illuminate/Pipeline/Pipeline.php(219): Illuminate/Foundation/Http/Middleware/TrimStrings->handle(Object(Illuminate/Http/Request), Object(Closure))
#26 D:/Very, Urgenly, Important/psaaccessoriesonline/vendor/laravel/framework/src/Illuminate/Http/Middleware/ValidatePostSize.php(27): Illuminate/Pipeline/Pipeline->Illuminate/Pipeline/{closure}(Object(Illuminate/Http/Request))
#27 D:/Very, Urgenly, Important/psaaccessoriesonline/vendor/laravel/framework/src/Illuminate/Pipeline/Pipeline.php(219): Illuminate/Http/Middleware/ValidatePostSize->handle(Object(Illuminate/Http/Request), Object(Closure))
#28 D:/Very, Urgenly, Important/psaaccessoriesonline/vendor/laravel/framework/src/Illuminate/Foundation/Http/Middleware/PreventRequestsDuringMaintenance.php(109): Illuminate/Pipeline/Pipeline->Illuminate/Pipeline/{closure}(Object(Illuminate/Http/Request))
#29 D:/Very, Urgenly, Important/psaaccessoriesonline/vendor/laravel/framework/src/Illuminate/Pipeline/Pipeline.php(219): Illuminate/Foundation/Http/Middleware/PreventRequestsDuringMaintenance->handle(Object(Illuminate/Http/Request), Object(Closure))
#30 D:/Very, Urgenly, Important/psaaccessoriesonline/vendor/laravel/framework/src/Illuminate/Http/Middleware/HandleCors.php(61): Illuminate/Pipeline/Pipeline->Illuminate/Pipeline/{closure}(Object(Illuminate/Http/Request))
#31 D:/Very, Urgenly, Important/psaaccessoriesonline/vendor/laravel/framework/src/Illuminate/Pipeline/Pipeline.php(219): Illuminate/Http/Middleware/HandleCors->handle(Object(Illuminate/Http/Request), Object(Closure))
#32 D:/Very, Urgenly, Important/psaaccessoriesonline/vendor/laravel/framework/src/Illuminate/Http/Middleware/TrustProxies.php(58): Illuminate/Pipeline/Pipeline->Illuminate/Pipeline/{closure}(Object(Illuminate/Http/Request))
#33 D:/Very, Urgenly, Important/psaaccessoriesonline/vendor/laravel/framework/src/Illuminate/Pipeline/Pipeline.php(219): Illuminate/Http/Middleware/TrustProxies->handle(Object(Illuminate/Http/Request), Object(Closure))
#34 D:/Very, Urgenly, Important/psaaccessoriesonline/vendor/laravel/framework/src/Illuminate/Foundation/Http/Middleware/InvokeDeferredCallbacks.php(22): Illuminate/Pipeline/Pipeline->Illuminate/Pipeline/{closure}(Object(Illuminate/Http/Request))
#35 D:/Very, Urgenly, Important/psaaccessoriesonline/vendor/laravel/framework/src/Illuminate/Pipeline/Pipeline.php(219): Illuminate/Foundation/Http/Middleware/InvokeDeferredCallbacks->handle(Object(Illuminate/Http/Request), Object(Closure))
#36 D:/Very, Urgenly, Important/psaaccessoriesonline/vendor/laravel/framework/src/Illuminate/Http/Middleware/ValidatePathEncoding.php(26): Illuminate/Pipeline/Pipeline->Illuminate/Pipeline/{closure}(Object(Illuminate/Http/Request))
#37 D:/Very, Urgenly, Important/psaaccessoriesonline/vendor/laravel/framework/src/Illuminate/Pipeline/Pipeline.php(219): Illuminate/Http/Middleware/ValidatePathEncoding->handle(Object(Illuminate/Http/Request), Object(Closure))
#38 D:/Very, Urgenly, Important/psaaccessoriesonline/vendor/laravel/framework/src/Illuminate/Pipeline/Pipeline.php(137): Illuminate/Pipeline/Pipeline->Illuminate/Pipeline/{closure}(Object(Illuminate/Http/Request))
#39 D:/Very, Urgenly, Important/psaaccessoriesonline/vendor/laravel/framework/src/Illuminate/Foundation/Http/Kernel.php(175): Illuminate/Pipeline/Pipeline->then(Object(Closure))
#40 D:/Very, Urgenly, Important/psaaccessoriesonline/vendor/laravel/framework/src/Illuminate/Foundation/Http/Kernel.php(144): Illuminate/Foundation/Http/Kernel->sendRequestThroughRouter(Object(Illuminate/Http/Request))
#41 D:/Very, Urgenly, Important/psaaccessoriesonline/vendor/laravel/framework/src/Illuminate/Foundation/Application.php(1220): Illuminate/Foundation/Http/Kernel->handle(Object(Illuminate/Http/Request))
#42 D:/Very, Urgenly, Important/psaaccessoriesonline/public/index.php(21): Illuminate/Foundation/Application->handleRequest(Object(Illuminate/Http/Request))
#43 D:/Very, Urgenly, Important/psaaccessoriesonline/vendor/laravel/framework/src/Illuminate/Foundation/resources/server.php(23): require_once('D://Very, Urgenl...')
#44 {main}
"} 
[2026-10-02 13:16:19] local.ERROR: file_put_contents(D:\Very, Urgenly, Important\psaaccessoriesonline\storage\framework/sessions/ldZhhFH4TDJJDjMe4iDP42vG0HLqh9s7UzgXiRjV): Failed to open stream: No such file or directory {"exception":"[object] (ErrorException(code: 0): file_put_contents(D:\\Very, Urgenly, Important\\psaaccessoriesonline\\storage\\framework/sessions/ldZhhFH4TDJJDjMe4iDP42vG0HLqh9s7UzgXiRjV): Failed to open stream: No such file or directory at D:/Very, Urgenly, Important/psaaccessoriesonline/vendor/laravel/framework/src/Illuminate/Filesystem/Filesystem.php:204)
[stacktrace]
#0 D:/Very, Urgenly, Important/psaaccessoriesonline/vendor/laravel/framework/src/Illuminate/Foundation/Bootstrap/HandleExceptions.php(262): Illuminate/Foundation/Bootstrap/HandleExceptions->handleError(2, 'file_put_conten...', 'D://Very, Urgenl...', 204)
#1 [internal function]: Illuminate/Foundation/Bootstrap/HandleExceptions->Illuminate/Foundation/Bootstrap/{closure}(2, 'file_put_conten...', 'D://Very, Urgenl...', 204)
#2 D:/Very, Urgenly, Important/psaaccessoriesonline/vendor/laravel/framework/src/Illuminate/Filesystem/Filesystem.php(204): file_put_contents('D://Very, Urgenl...', 'eyJpdiI6Inc0UUc...', 2)
#3 D:/Very, Urgenly, Important/psaaccessoriesonline/vendor/laravel/framework/src/Illuminate/Session/FileSessionHandler.php(89): Illuminate/Filesystem/Filesystem->put('D://Very, Urgenl...', 'eyJpdiI6Inc0UUc...', true)
#4 D:/Very, Urgenly, Important/psaaccessoriesonline/vendor/laravel/framework/src/Illuminate/Session/Store.php(187): Illuminate/Session/FileSessionHandler->write('ldZhhFH4TDJJDjM...', 'eyJpdiI6Inc0UUc...')
#5 D:/Very, Urgenly, Important/psaaccessoriesonline/vendor/laravel/framework/src/Illuminate/Session/Middleware/StartSession.php(248): Illuminate/Session/Store->save()
#6 D:/Very, Urgenly, Important/psaaccessoriesonline/vendor/laravel/framework/src/Illuminate/Session/Middleware/StartSession.php(129): Illuminate/Session/Middleware/StartSession->saveSession(Object(Illuminate/Http/Request))
#7 D:/Very, Urgenly, Important/psaaccessoriesonline/vendor/laravel/framework/src/Illuminate/Session/Middleware/StartSession.php(63): Illuminate/Session/Middleware/StartSession->handleStatefulRequest(Object(Illuminate/Http/Request), Object(Illuminate/Session/EncryptedStore), Object(Closure))
#8 D:/Very, Urgenly, Important/psaaccessoriesonline/vendor/laravel/framework/src/Illuminate/Pipeline/Pipeline.php(219): Illuminate/Session/Middleware/StartSession->handle(Object(Illuminate/Http/Request), Object(Closure))
#9 D:/Very, Urgenly, Important/psaaccessoriesonline/vendor/laravel/framework/src/Illuminate/Cookie/Middleware/AddQueuedCookiesToResponse.php(36): Illuminate/Pipeline/Pipeline->Illuminate/Pipeline/{closure}(Object(Illuminate/Http/Request))
#10 D:/Very, Urgenly, Important/psaaccessoriesonline/vendor/laravel/framework/src/Illuminate/Pipeline/Pipeline.php(219): Illuminate/Cookie/Middleware/AddQueuedCookiesToResponse->handle(Object(Illuminate/Http/Request), Object(Closure))
#11 D:/Very, Urgenly, Important/psaaccessoriesonline/vendor/laravel/framework/src/Illuminate/Cookie/Middleware/EncryptCookies.php(74): Illuminate/Pipeline/Pipeline->Illuminate/Pipeline/{closure}(Object(Illuminate/Http/Request))
#12 D:/Very, Urgenly, Important/psaaccessoriesonline/vendor/laravel/framework/src/Illuminate/Pipeline/Pipeline.php(219): Illuminate/Cookie/Middleware/EncryptCookies->handle(Object(Illuminate/Http/Request), Object(Closure))
#13 D:/Very, Urgenly, Important/psaaccessoriesonline/vendor/laravel/framework/src/Illuminate/Pipeline/Pipeline.php(137): Illuminate/Pipeline/Pipeline->Illuminate/Pipeline/{closure}(Object(Illuminate/Http/Request))
#14 D:/Very, Urgenly, Important/psaaccessoriesonline/vendor/laravel/framework/src/Illuminate/Routing/Router.php(821): Illuminate/Pipeline/Pipeline->then(Object(Closure))
#15 D:/Very, Urgenly, Important/psaaccessoriesonline/vendor/laravel/framework/src/Illuminate/Routing/Router.php(800): Illuminate/Routing/Router->runRouteWithinStack(Object(Illuminate/Routing/Route), Object(Illuminate/Http/Request))
#16 D:/Very, Urgenly, Important/psaaccessoriesonline/vendor/laravel/framework/src/Illuminate/Routing/Router.php(764): Illuminate/Routing/Router->runRoute(Object(Illuminate/Http/Request), Object(Illuminate/Routing/Route))
#17 D:/Very, Urgenly, Important/psaaccessoriesonline/vendor/laravel/framework/src/Illuminate/Routing/Router.php(753): Illuminate/Routing/Router->dispatchToRoute(Object(Illuminate/Http/Request))
#18 D:/Very, Urgenly, Important/psaaccessoriesonline/vendor/laravel/framework/src/Illuminate/Foundation/Http/Kernel.php(200): Illuminate/Routing/Router->dispatch(Object(Illuminate/Http/Request))
#19 D:/Very, Urgenly, Important/psaaccessoriesonline/vendor/laravel/framework/src/Illuminate/Pipeline/Pipeline.php(180): Illuminate/Foundation/Http/Kernel->Illuminate/Foundation/Http/{closure}(Object(Illuminate/Http/Request))
#20 D:/Very, Urgenly, Important/psaaccessoriesonline/vendor/laravel/framework/src/Illuminate/Foundation/Http/Middleware/TransformsRequest.php(21): Illuminate/Pipeline/Pipeline->Illuminate/Pipeline/{closure}(Object(Illuminate/Http/Request))
#21 D:/Very, Urgenly, Important/psaaccessoriesonline/vendor/laravel/framework/src/Illuminate/Foundation/Http/Middleware/ConvertEmptyStringsToNull.php(31): Illuminate/Foundation/Http/Middleware/TransformsRequest->handle(Object(Illuminate/Http/Request), Object(Closure))
#22 D:/Very, Urgenly, Important/psaaccessoriesonline/vendor/laravel/framework/src/Illuminate/Pipeline/Pipeline.php(219): Illuminate/Foundation/Http/Middleware/ConvertEmptyStringsToNull->handle(Object(Illuminate/Http/Request), Object(Closure))
#23 D:/Very, Urgenly, Important/psaaccessoriesonline/vendor/laravel/framework/src/Illuminate/Foundation/Http/Middleware/TransformsRequest.php(21): Illuminate/Pipeline/Pipeline->Illuminate/Pipeline/{closure}(Object(Illuminate/Http/Request))
#24 D:/Very, Urgenly, Important/psaaccessoriesonline/vendor/laravel/framework/src/Illuminate/Foundation/Http/Middleware/TrimStrings.php(51): Illuminate/Foundation/Http/Middleware/TransformsRequest->handle(Object(Illuminate/Http/Request), Object(Closure))
#25 D:/Very, Urgenly, Important/psaaccessoriesonline/vendor/laravel/framework/src/Illuminate/Pipeline/Pipeline.php(219): Illuminate/Foundation/Http/Middleware/TrimStrings->handle(Object(Illuminate/Http/Request), Object(Closure))
#26 D:/Very, Urgenly, Important/psaaccessoriesonline/vendor/laravel/framework/src/Illuminate/Http/Middleware/ValidatePostSize.php(27): Illuminate/Pipeline/Pipeline->Illuminate/Pipeline/{closure}(Object(Illuminate/Http/Request))
#27 D:/Very, Urgenly, Important/psaaccessoriesonline/vendor/laravel/framework/src/Illuminate/Pipeline/Pipeline.php(219): Illuminate/Http/Middleware/ValidatePostSize->handle(Object(Illuminate/Http/Request), Object(Closure))
#28 D:/Very, Urgenly, Important/psaaccessoriesonline/vendor/laravel/framework/src/Illuminate/Foundation/Http/Middleware/PreventRequestsDuringMaintenance.php(109): Illuminate/Pipeline/Pipeline->Illuminate/Pipeline/{closure}(Object(Illuminate/Http/Request))
#29 D:/Very, Urgenly, Important/psaaccessoriesonline/vendor/laravel/framework/src/Illuminate/Pipeline/Pipeline.php(219): Illuminate/Foundation/Http/Middleware/PreventRequestsDuringMaintenance->handle(Object(Illuminate/Http/Request), Object(Closure))
#30 D:/Very, Urgenly, Important/psaaccessoriesonline/vendor/laravel/framework/src/Illuminate/Http/Middleware/HandleCors.php(61): Illuminate/Pipeline/Pipeline->Illuminate/Pipeline/{closure}(Object(Illuminate/Http/Request))
#31 D:/Very, Urgenly, Important/psaaccessoriesonline/vendor/laravel/framework/src/Illuminate/Pipeline/Pipeline.php(219): Illuminate/Http/Middleware/HandleCors->handle(Object(Illuminate/Http/Request), Object(Closure))
#32 D:/Very, Urgenly, Important/psaaccessoriesonline/vendor/laravel/framework/src/Illuminate/Http/Middleware/TrustProxies.php(58): Illuminate/Pipeline/Pipeline->Illuminate/Pipeline/{closure}(Object(Illuminate/Http/Request))
#33 D:/Very, Urgenly, Important/psaaccessoriesonline/vendor/laravel/framework/src/Illuminate/Pipeline/Pipeline.php(219): Illuminate/Http/Middleware/TrustProxies->handle(Object(Illuminate/Http/Request), Object(Closure))
#34 D:/Very, Urgenly, Important/psaaccessoriesonline/vendor/laravel/framework/src/Illuminate/Foundation/Http/Middleware/InvokeDeferredCallbacks.php(22): Illuminate/Pipeline/Pipeline->Illuminate/Pipeline/{closure}(Object(Illuminate/Http/Request))
#35 D:/Very, Urgenly, Important/psaaccessoriesonline/vendor/laravel/framework/src/Illuminate/Pipeline/Pipeline.php(219): Illuminate/Foundation/Http/Middleware/InvokeDeferredCallbacks->handle(Object(Illuminate/Http/Request), Object(Closure))
#36 D:/Very, Urgenly, Important/psaaccessoriesonline/vendor/laravel/framework/src/Illuminate/Http/Middleware/ValidatePathEncoding.php(26): Illuminate/Pipeline/Pipeline->Illuminate/Pipeline/{closure}(Object(Illuminate/Http/Request))
#37 D:/Very, Urgenly, Important/psaaccessoriesonline/vendor/laravel/framework/src/Illuminate/Pipeline/Pipeline.php(219): Illuminate/Http/Middleware/ValidatePathEncoding->handle(Object(Illuminate/Http/Request), Object(Closure))
#38 D:/Very, Urgenly, Important/psaaccessoriesonline/vendor/laravel/framework/src/Illuminate/Pipeline/Pipeline.php(137): Illuminate/Pipeline/Pipeline->Illuminate/Pipeline/{closure}(Object(Illuminate/Http/Request))
#39 D:/Very, Urgenly, Important/psaaccessoriesonline/vendor/laravel/framework/src/Illuminate/Foundation/Http/Kernel.php(175): Illuminate/Pipeline/Pipeline->then(Object(Closure))
#40 D:/Very, Urgenly, Important/psaaccessoriesonline/vendor/laravel/framework/src/Illuminate/Foundation/Http/Kernel.php(144): Illuminate/Foundation/Http/Kernel->sendRequestThroughRouter(Object(Illuminate/Http/Request))
#41 D:/Very, Urgenly, Important/psaaccessoriesonline/vendor/laravel/framework/src/Illuminate/Foundation/Application.php(1220): Illuminate/Foundation/Http/Kernel->handle(Object(Illuminate/Http/Request))
#42 D:/Very, Urgenly, Important/psaaccessoriesonline/public/index.php(21): Illuminate/Foundation/Application->handleRequest(Object(Illuminate/Http/Request))
#43 D:/Very, Urgenly, Important/psaaccessoriesonline/vendor/laravel/framework/src/Illuminate/Foundation/resources/server.php(23): require_once('D://Very, Urgenl...')
#44 {main}
"} 
